Name,Crime,Date,Address,X,Y
sc-newberry+county,Other,05/15/20,100 BLOCK OF SAINT PAUL ROAD NEWBERRY COUNTY,34.27099259044089,-81.42448971737566
sc-newberry+county,Other,05/15/20,2600 BLOCK OF KINARD STREET NEWBERRY COUNTY,34.289349054476396,-81.60488494200406
sc-newberry+county,Other,05/15/20,GLENN/ADELAIDE NEWBERRY COUNTY,34.27021278065482,-81.59825422520088
sc-newberry+county,Other,05/15/20,100 BLOCK OF PORTER RD NEWBERRY COUNTY,34.327706015090776,-81.54923740506717
sc-newberry+county,Other,05/15/20,HAMMS LANDING / J D HAMM DR NEWBERRY COUNTY,34.101502132080235,-81.4499052205004
sc-newberry+county,Other,05/15/20,FISH POND RD/LANEWOOD RD NEWBERRY COUNTY,34.3335405702215,-81.55072954526219
sc-newberry+county,Arrest,05/15/20,FISH POND RD/LANEWOOD RD NEWBERRY COUNTY,34.3335405702215,-81.55072954526219
sc-newberry+county,Other,05/15/20,OXNER RD / SC 34 NEWBERRY COUNTY,34.29846222743495,-81.53772021104369
sc-newberry+county,Other,05/15/20,9000 BLOCK OF BROAD RIVER ROAD NEWBERRY COUNTY,34.35349862440709,-81.39564817926552
sc-newberry+county,Other,05/15/20,400 BLOCK OF DUCKETT AVE NEWBERRY COUNTY,34.50208286263435,-81.62860030429458
sc-newberry+county,Other,05/15/20,7600 BLOCK OF MACEDONIA CHURCH ROAD NEWBERRY COUNTY,34.180981534493405,-81.4996047047284
sc-newberry+county,Other,05/15/20,MACEDONIA CHURCH/WHEELAND SCHOOL NEWBERRY COUNTY,34.103260000000034,-81.44052999999997
sc-newberry+county,Other,05/15/20,800 BLOCK OF GLENN STREET NEWBERRY COUNTY,34.27510001430059,-81.60751001984231
sc-newberry+county,Other,05/15/20,2400 BLOCK OF WILSON ROAD NEWBERRY COUNTY,34.30355817534447,-81.61536884926494
sc-newberry+county,Other,05/15/20,00 BLOCK OF THOMAS GRIFFIN RD NEWBERRY COUNTY,34.3103967727712,-81.57676743703381
sc-newberry+county,Other,05/15/20,SC34/THOMAS GRIFFIN RD NEWBERRY COUNTY,34.31020565849381,-81.57658374911544
sc-newberry+county,Other,05/15/20,100 BLOCK OF MID CAROLINA CT NEWBERRY COUNTY,34.236588977092005,-81.46843212413438
sc-newberry+county,Other,05/15/20,3200 BLOCK OF KINARD ST NEWBERRY COUNTY,34.29410744986806,-81.60082145291486
sc-newberry+county,Arrest,05/15/20,DRAYTON/ DAISY NEWBERRY COUNTY,34.08849438701652,-81.45743764565466
sc-newberry+county,Other,05/16/20,"3100 BLOCK OF MAIN STREET, NEWBERRY HIGH SCHOOL NEWBERRY COUNTY",34.283164548430165,-81.58300017373524
sc-newberry+county,Vandalism,05/16/20,22000 BLOCK OF US76 NEWBERRY COUNTY,34.33011123059663,-81.66931823662789
sc-newberry+county,Other,05/16/20,WILSON ROAD / ADELAIDE STREET NEWBERRY COUNTY,34.27021278065482,-81.59825422520088
sc-newberry+county,Other,05/16/20,4400 BLOCK OF SC202 NEWBERRY COUNTY,34.25594871924264,-81.40400687262819
sc-newberry+county,Other,05/16/20,100 BLOCK OF WILSON PARK DR NEWBERRY COUNTY,34.26786111598725,-81.58761346789505
sc-newberry+county,Other,05/16/20,200 BLOCK OF CHURCHILL LANDING RD NEWBERRY COUNTY,34.11831115497377,-81.49806414197711
sc-newberry+county,Other,05/16/20,HAWKINS TRAILER CT/WILSON RD NEWBERRY COUNTY,34.310135368013896,-81.62664884307938
sc-newberry+county,Other,05/16/20,RIKARD SCHOOL/LAMB WAY NEWBERRY COUNTY,34.1979211802354,-81.52641216780947
sc-newberry+county,Other,05/16/20,AIRPORT / BILL DOMINICK NEWBERRY COUNTY,34.29609883704139,-81.64921803222431
sc-newberry+county,Other,05/16/20,SC 202/KOON TRESTLE NEWBERRY COUNTY,34.242184402059195,-81.41573482363546
sc-newberry+county,Other,05/16/20,700 BLOCK OF HOPE STATION RD NEWBERRY COUNTY,34.255121627945144,-81.37037691832927
sc-newberry+county,Arrest,05/16/20,SC 56/ BRANNON RD NEWBERRY COUNTY,34.21186603924851,-81.88352512015045
sc-newberry+county,Other,05/16/20,1700 BLOCK OF MORRIS RD NEWBERRY COUNTY,34.160144617972485,-81.54781157772794
sc-newberry+county,Other,05/16/20,CANNON ST/ CHARLOTTE ST NEWBERRY COUNTY,34.263683296482164,-81.62833771030523
sc-newberry+county,Arrest,05/16/20,CANNON ST/ CHARLOTTE ST NEWBERRY COUNTY,34.263683296482164,-81.62833771030523
sc-newberry+county,Other,05/16/20,00 BLOCK OF THOMAS GRIFFIN ROAD NEWBERRY COUNTY,34.3103967727712,-81.57676743703381
sc-newberry+county,Other,05/16/20,3700 BLOCK OF INDIAN CREEK RD NEWBERRY COUNTY,34.413444043256966,-81.71988449932793
sc-newberry+county,Other,05/16/20,00 BLOCK OF BENNIE STEPHENS DR NEWBERRY COUNTY,34.13562836959936,-81.4782943994382
sc-newberry+county,Other,05/16/20,BEARINGTON ROAD NEWBERRY COUNTY,34.279933466134274,-81.53586743114914
sc-newberry+county,Other,05/16/20,5000 BLOCK OF JOLLYSTREET ROAD NEWBERRY COUNTY,34.268414446863105,-81.53122754586944
sc-newberry+county,Other,05/16/20,700 BLOCK OF FOLK ROAD NEWBERRY COUNTY,34.33337604329173,-81.62192162772158
sc-newberry+county,Other,05/16/20,100 BLOCK OF WALNUT GROVE DR NEWBERRY COUNTY,34.29790172802109,-81.42365628903859
sc-newberry+county,Other,05/16/20,200 BLOCK OF GREEN ACRES LANE NEWBERRY COUNTY,34.18844800290273,-81.80351089779174
sc-newberry+county,Other,05/16/20,300 BLOCK OF LONG FARM RD NEWBERRY COUNTY,34.193910176489425,-81.70848035690736
sc-newberry+county,Other,05/16/20,1200 BLOCK OF CONNELLY RD NEWBERRY COUNTY,34.168754042461714,-81.53214797438038
sc-newberry+county,Other,05/16/20,4200 BLOCK OF US176 NEWBERRY COUNTY,34.25406090544598,-81.38610342429291
sc-newberry+county,Other,05/16/20,I26 EAST 75 MILE MARKER NEWBERRY COUNTY,34.49811794441068,-81.61247461141859
sc-newberry+county,Other,05/16/20,JOHNSTONE STREET/COATES STREET NEWBERRY COUNTY,34.27736927300874,-81.6078065343483
sc-newberry+county,Other,05/16/20,BROWN CHAPEL LN/BROWN CHAPEL CIR NEWBERRY COUNTY,34.2817595930124,-81.65135072524502
sc-newberry+county,Other,05/16/20,2800 BLOCK OF SC202 NEWBERRY COUNTY,34.235214095135234,-81.41223365725453
sc-newberry+county,Other,05/16/20,COTTAGE AVE NEWBERRY COUNTY,34.2814973987086,-81.6392321769781
sc-newberry+county,Other,05/16/20,00 BLOCK OF WOOD LN NEWBERRY COUNTY,34.30719065041405,-81.5914452683439
sc-newberry+county,Other,05/16/20,GIFF/ VINCENT NEWBERRY COUNTY,34.27845847174779,-81.63430789372295
sc-newberry+county,Arrest,05/16/20,GIFF/ VINCENT NEWBERRY COUNTY,34.27845847174779,-81.63430789372295
sc-newberry+county,Other,05/17/20,JOHNSTONE / CLARENCE NEWBERRY COUNTY,34.34131652767828,-81.81043034324534
sc-newberry+county,Other,05/17/20,JOHNSTONE/ COLLINSWOOD NEWBERRY COUNTY,34.277888439593184,-81.59521329099714
sc-newberry+county,Other,05/17/20,5900 BLOCK OF US176 NEWBERRY COUNTY,34.26222366525209,-81.4140954668088
sc-newberry+county,Other,05/17/20,11300 BLOCK OF CR KOON HWY NEWBERRY COUNTY,34.218876442995985,-81.54061130254367
sc-newberry+county,Other,05/17/20,BEL IVY RD/ STERLING RD NEWBERRY COUNTY,34.29268298967255,-81.74208375664105
sc-newberry+county,Other,05/17/20,100 BLOCK OF PINEDALE CT NEWBERRY COUNTY,34.09022436303954,-81.52132311340615
sc-newberry+county,Other,05/17/20,100 BLOCK OF SHRINERS KNOLL CT NEWBERRY COUNTY,34.25690998521489,-81.56580996772544
sc-newberry+county,Other,05/17/20,6300 BLOCK OF MACEDONIA CHURCH RD NEWBERRY COUNTY,34.16715090692284,-81.48284156341086
sc-newberry+county,Other,05/17/20,SC 34/THOMAS GRIFFITH NEWBERRY COUNTY,34.293280094000075,-81.60206894599996
sc-newberry+county,Other,05/17/20,14600 BLOCK OF CR KOON HWY NEWBERRY COUNTY,34.25696024356653,-81.57833207494213
sc-newberry+county,Other,05/17/20,300 BLOCK OF S MAIN ST NEWBERRY COUNTY,34.20802099029974,-81.53212530171848
sc-newberry+county,Other,05/17/20,00 BLOCK OF FRANDEENAS CT NEWBERRY COUNTY,34.164527800970404,-81.4846703745843
sc-newberry+county,Other,05/17/20,100 BLOCK OF CHURCH ST NEWBERRY COUNTY,34.50496000447542,-81.61480998695586
sc-newberry+county,Other,05/17/20,1100 BLOCK OF COPELAND STREET NEWBERRY COUNTY,34.27923425475613,-81.5983547741832
sc-newberry+county,Other,05/17/20,00 BLOCK OF W I26 NEWBERRY COUNTY,34.26014034080883,-81.49891494794792
sc-newberry+county,Other,05/17/20,1700 BLOCK OF MORRIS RD NEWBERRY COUNTY,34.160144617972485,-81.54781157772794
sc-newberry+county,Other,05/18/20,ST PHILLIPS CHURCH RD / MUDCREEK RD NEWBERRY COUNTY,34.31694961486876,-81.50796040630921
sc-newberry+county,Other,05/18/20,600 BLOCK OF KENDALL RD NEWBERRY COUNTY,34.27934442524231,-81.63648039530796
sc-newberry+county,Other,05/18/20,26400 BLOCK OF SC121 NEWBERRY COUNTY,34.506396654151175,-81.60293004663487
sc-newberry+county,Other,05/18/20,00 BLOCK OF E I26 NEWBERRY COUNTY,34.26000228247892,-81.4990603654392
sc-newberry+county,Other,05/18/20,3700 BLOCK OF LOUIS RICH RD NEWBERRY COUNTY,34.3044564293974,-81.63289537660134
sc-newberry+county,Other,05/18/20,OLD DUTCH / COLEY TODD RD NEWBERRY COUNTY,34.17845713663222,-81.44134663078934
sc-newberry+county,Other,05/18/20,500 BLOCK OF J L KOON RD NEWBERRY COUNTY,34.12398265645844,-81.58797641168846
sc-newberry+county,Other,05/18/20,SC 121 / COLONIAL DR NEWBERRY COUNTY,34.46994677916522,-81.59047778874209
sc-newberry+county,Other,05/18/20,00 BLOCK OF E I26 NEWBERRY COUNTY,34.26000228247892,-81.4990603654392
sc-newberry+county,Arrest,05/18/20,11800 BLOCK OF SC121 NEWBERRY COUNTY,34.315152292809096,-81.61428349270018
sc-newberry+county,Other,05/18/20,6100 BLOCK OF SC 391 NEWBERRY COUNTY,34.17479044597692,-81.53405434839551
sc-newberry+county,Other,05/18/20,400 BLOCK OF LONG RD NEWBERRY COUNTY,34.185242660730644,-81.4779780799158
sc-newberry+county,Other,05/18/20,ISLAND FORD / WINDSONG HILL DR NEWBERRY COUNTY,34.26424782743561,-81.75649965110112
sc-newberry+county,Other,05/18/20,300 BLOCK OF FEDERAL LN NEWBERRY COUNTY,34.20253913929705,-81.55434065472808
sc-newberry+county,Other,05/18/20,SC34 / I26 NEWBERRY COUNTY,34.394370607804696,-81.39960469688256
sc-newberry+county,Other,05/18/20,5500 BLOCK OF JOLLYSTREET ROAD NEWBERRY COUNTY,34.268667220386604,-81.53875927418096
sc-newberry+county,Other,05/18/20,VINCENT ST/GIFF ST NEWBERRY COUNTY,34.27845847174779,-81.63430789372295
sc-newberry+county,Other,05/18/20,500 BLOCK OF LANEWOOD DRIVE NEWBERRY COUNTY,34.329753051769984,-81.54968019965209
sc-newberry+county,Other,05/18/20,00 BLOCK OF SKATING RINK LOOP NEWBERRY COUNTY,34.32525568096405,-81.55168448600722
sc-newberry+county,Other,05/18/20,SC 34-121 / STONEY BATTERY RD NEWBERRY COUNTY,34.2345088699954,-81.66475269463507
sc-newberry+county,Other,05/18/20,CONNELLY RD / COUNTS NEWBERRY COUNTY,34.16644720289949,-81.52359779202665
sc-newberry+county,Other,05/18/20,9600 BLOCK OF SC34 NEWBERRY COUNTY,34.3266186036874,-81.54056891604448
sc-newberry+county,Other,05/18/20,JALAPA RD/ CROMER RD NEWBERRY COUNTY,34.34618000000006,-81.68585999999993
sc-newberry+county,Other,05/18/20,00 BLOCK OF W I26 NEWBERRY COUNTY,34.26014034080883,-81.49891494794792
sc-newberry+county,Other,05/19/20,CONNLEY RD/COUNTS RD NEWBERRY COUNTY,34.16644720289949,-81.52359779202665
sc-newberry+county,Other,05/19/20,DIXIE DRIVE/PAYER STREET NEWBERRY COUNTY,34.26287111149749,-81.59894983240119
sc-newberry+county,Arrest,05/19/20,DIXIE DRIVE/PAYER STREET NEWBERRY COUNTY,34.26287111149749,-81.59894983240119
sc-newberry+county,Arrest,05/19/20,SC 34/GLENN ST NEWBERRY COUNTY,34.26307001349659,-81.60036000497657
sc-newberry+county,Other,05/19/20,35700 BLOCK OF SC 34 NEWBERRY COUNTY,34.165116828302395,-81.90109801814253
sc-newberry+county,Other,05/19/20,4300 BLOCK OF BETHEL CHURCH RD NEWBERRY COUNTY,34.142466027399266,-81.51986531865765
sc-newberry+county,Other,05/19/20,700 BLOCK OF SC202 NEWBERRY COUNTY,34.205606076778594,-81.41555430366739
sc-newberry+county,Other,05/19/20,BELFAST ROAD/BROWN CHAPEL ROAD NEWBERRY COUNTY,34.276286640459304,-81.65182002113127
sc-newberry+county,Arrest,05/19/20,BELFAST ROAD/BROWN CHAPEL ROAD NEWBERRY COUNTY,34.276286640459304,-81.65182002113127
sc-newberry+county,Other,05/19/20,500 BLOCK OF DAISY ST NEWBERRY COUNTY,34.273555219419464,-81.63698983312942
sc-newberry+county,Other,05/19/20,2600 BLOCK OF KINARD ST NEWBERRY COUNTY,34.289349054476396,-81.60488494200406
sc-newberry+county,Other,05/19/20,1200 BLOCK OF GIFF LN NEWBERRY COUNTY,34.28455301342573,-81.64158491597806
sc-newberry+county,Other,05/19/20,2600 BLOCK OF KINARD ST NEWBERRY COUNTY,34.289349054476396,-81.60488494200406
sc-newberry+county,Other,05/19/20,I26 WEST/THE 80 MILE MARKER NEWBERRY COUNTY,34.498033978178675,-81.61256377915154
sc-newberry+county,Other,05/19/20,100 BLOCK OF W P JOHNSTONE RD NEWBERRY COUNTY,34.273586037391475,-81.69797775095488
sc-newberry+county,Other,05/19/20,700 BLOCK OF MT TABOR NEWBERRY COUNTY,34.196132870667235,-81.4309908648816
sc-newberry+county,Assault,05/19/20,700 BLOCK OF FOLK ROAD NEWBERRY COUNTY,34.33337604329173,-81.62192162772158
sc-newberry+county,Other,05/19/20,300 BLOCK OF SUBERTOWN RD NEWBERRY COUNTY,34.496237057775986,-81.60910189959989
sc-newberry+county,Other,05/19/20,WHITE RD / SC34 NEWBERRY COUNTY,34.32535306201711,-81.5475165109313
sc-newberry+county,Other,05/19/20,100 BLOCK OF GLADE SPRINGS RD NEWBERRY COUNTY,34.17620303209006,-81.44387647757645
sc-newberry+county,Other,05/19/20,MAIN STREET/POMARIA STREET NEWBERRY COUNTY,34.26313490360174,-81.41420360693084
sc-newberry+county,Other,05/19/20,COLONIAL DR/SC 121 NEWBERRY COUNTY,34.468121268718,-81.60966093977872
sc-newberry+county,Other,05/19/20,100 BLOCK OF PROVIDENCE AME CHURCH RD NEWBERRY COUNTY,34.1766301494039,-81.38708485567626
sc-newberry+county,Other,05/19/20,4300 BLOCK OF SC 34 NEWBERRY COUNTY,34.364419696147955,-81.46062693501598
sc-newberry+county,Other,05/19/20,SC395 / DENNIS DAIRY NEWBERRY COUNTY,34.196130688143434,-81.63889631535518
sc-newberry+county,Other,05/19/20,SC121 / I26 NEWBERRY COUNTY,34.293280094000075,-81.60206894599996
sc-newberry+county,Other,05/19/20,200 BLOCK OF PUBLIC WORKS DR NEWBERRY COUNTY,34.31577232608194,-81.56895118161123
sc-newberry+county,Other,05/19/20,2200 BLOCK OF WILSON ROAD NEWBERRY COUNTY,34.299060019803726,-81.61023003124177
sc-newberry+county,Other,05/19/20,FOUR OAKS RD/PARR RD NEWBERRY COUNTY,34.21833728458455,-81.4012311191352
sc-newberry+county,Other,05/19/20,SC34/GENERAL HENDERSON NEWBERRY COUNTY,34.31724303881752,-81.56783266504178
sc-newberry+county,Other,05/19/20,1000 BLOCK OF SEIBERT RD NEWBERRY COUNTY,34.13636020501871,-81.48252279086182
sc-newberry+county,Other,05/19/20,11700 BLOCK OF SC34 SHELL STATION NEWBERRY COUNTY,34.313017380643124,-81.57223884195045
sc-newberry+county,Other,05/20/20,500 BLOCK OF WILSON RD NEWBERRY COUNTY,34.271190759979504,-81.58963611736088
sc-newberry+county,Assault,05/20/20,3700 BLOCK OF LOUIS RICH RD NEWBERRY COUNTY,34.3044564293974,-81.63289537660134
sc-newberry+county,Other,05/20/20,KINARD STREET/PENDER RIDGE ROAD NEWBERRY COUNTY,34.29596855543365,-81.60281424500364
sc-newberry+county,Other,05/20/20,500 BLOCK OF SUBERTOWN RD NEWBERRY COUNTY,34.49454244658387,-81.61230223610448
sc-newberry+county,Other,05/20/20,900 BLOCK OF BOOKER RD NEWBERRY COUNTY,34.25992964326359,-81.63033910731961
sc-newberry+county,Other,05/20/20,3200 BLOCK OF KINARD STREET NEWBERRY COUNTY,34.29410744986806,-81.60082145291486
sc-newberry+county,Other,05/20/20,LANEWOOD / HWY SC 34 NEWBERRY COUNTY,34.345946030574716,-81.55130925306528
sc-newberry+county,Other,05/20/20,600 BLOCK OF MEADOWVIEW LANE NEWBERRY COUNTY,34.2745294977579,-81.63951293759658
sc-newberry+county,Other,05/20/20,2600 BLOCK OF KINARD ST NEWBERRY COUNTY,34.289349054476396,-81.60488494200406
sc-newberry+county,Other,05/20/20,ADELAIDE STREET/ MCCRAVY STREET NEWBERRY COUNTY,34.27021278065482,-81.59825422520088
sc-newberry+county,Other,05/20/20,300 BLOCK OF NURSERY RD NEWBERRY COUNTY,34.17989714525689,-81.38152976804012
sc-newberry+county,Other,05/20/20,4300 BLOCK OF BETHEL CHRCH RD NEWBERRY COUNTY,34.142466027399266,-81.51986531865765
sc-newberry+county,Other,05/20/20,00 BLOCK OF PINECREST LN NEWBERRY COUNTY,34.26497988401605,-81.55174907698219
sc-newberry+county,Other,05/20/20,LINDLER FIELD ROAD/US76 NEWBERRY COUNTY,34.186207582352424,-81.4351824233236
sc-newberry+county,Other,05/20/20,MITCHELL STREET NEWBERRY COUNTY,34.501745792459744,-81.62488013791985
sc-newberry+county,Other,05/20/20,1000 BLOCK OF HOPE STATION ROAD NEWBERRY COUNTY,34.25818324793436,-81.3694225995772
sc-newberry+county,Other,05/20/20,2600 BLOCK OF KINARD ST NEWBERRY COUNTY,34.289349054476396,-81.60488494200406
sc-newberry+county,Other,05/20/20,NEWBERRY COUNTY SHERIFF'S OFFICE- 550 WILSON ROAD NEWBERRY COUNTY,34.27203001653405,-81.58995999097355
sc-newberry+county,Other,05/20/20,1100 BLOCK OF WILSON RD NEWBERRY COUNTY,34.281481480383356,-81.59518771008973
sc-newberry+county,Other,05/21/20,100 BLOCK OF JAMES ST NEWBERRY COUNTY,34.48802342219964,-81.6158366439147
sc-newberry+county,Other,05/21/20,SC 34/ PIESTER RD NEWBERRY COUNTY,34.315063932337985,-81.51191835962183
sc-newberry+county,Other,05/21/20,300 BLOCK OF JACK WILSON RD NEWBERRY COUNTY,34.46530046034268,-81.63567855406703
sc-newberry+county,Other,05/21/20,1600 BLOCK OF HOLLY POINT RD NEWBERRY COUNTY,34.08906477011726,-81.48334482276171
sc-newberry+county,Assault,05/21/20,1400 BLOCK OF US176 NEWBERRY COUNTY,34.2230837755972,-81.35509887166755
sc-newberry+county,Arrest,05/21/20,600 BLOCK OF QUAKER RD NEWBERRY COUNTY,34.22618777673652,-81.64968286982143
sc-newberry+county,Assault,05/21/20,600 BLOCK OF QUAKER RD NEWBERRY COUNTY,34.22618777673652,-81.64968286982143
sc-newberry+county,Other,05/21/20,I26 WEST 67 MILE MARKER NEWBERRY COUNTY,34.4981462831685,-81.61249245401433
sc-newberry+county,Other,05/21/20,00 BLOCK OF GREEN ACRES CT NEWBERRY COUNTY,34.18830502973325,-81.80252488786473
sc-newberry+county,Other,05/21/20,US76/PETE HARRIS ROAD NEWBERRY COUNTY,34.349289248864885,-81.68875797520572
sc-newberry+county,Other,05/21/20,1100 BLOCK OF BIG CREEK ROAD NEWBERRY COUNTY,34.14415804352631,-81.55292637678858
sc-newberry+county,Other,05/21/20,500 BLOCK OF CYPRESS LAKES RD NEWBERRY COUNTY,34.31019533643692,-81.61163216503721
sc-newberry+county,Other,05/21/20,900 BLOCK OF SWEET SPRINGS ROAD NEWBERRY COUNTY,34.327374815752805,-81.64328456552694
sc-newberry+county,Other,05/21/20,SC 121 / US176 NEWBERRY COUNTY,34.210623085892784,-81.34333968973236
sc-newberry+county,Other,05/21/20,00 BLOCK OF NORTH SHORE DRIVE NEWBERRY COUNTY,34.09309670150934,-81.43536016306606
sc-newberry+county,Other,05/21/20,3700 BLOCK OF LOUIS RICH DRIVE NEWBERRY COUNTY,34.3044564293974,-81.63289537660134
sc-newberry+county,Other,05/21/20,1000 BLOCK OF GREEN TREE ROAD NEWBERRY COUNTY,34.25912207306241,-81.71925713229878
sc-newberry+county,Other,05/21/20,1700 BLOCK OF BUSH RIVER ROAD NEWBERRY COUNTY,34.293337095340384,-81.66071486449295
sc-newberry+county,Other,05/21/20,100 BLOCK OF MID CAROLINA CT NEWBERRY COUNTY,34.236588977092005,-81.46843212413438
sc-newberry+county,Other,05/21/20,BOUNDARY/DIXIE NEWBERRY COUNTY,34.264995823660016,-81.62593411955193
sc-newberry+county,Arrest,05/21/20,BOUNDARY/DIXIE NEWBERRY COUNTY,34.264995823660016,-81.62593411955193
sc-newberry+county,Other,05/21/20,US US76/BACHMAN CHAPEL ROAD NEWBERRY COUNTY,34.226665515732,-81.54520820229979
sc-newberry+county,Other,05/21/20,600 BLOCK OF WILSON RD NEWBERRY COUNTY,34.27283034187913,-81.59052528763773
sc-newberry+county,Other,05/21/20,00 BLOCK OF E I26 NEWBERRY COUNTY,34.26000228247892,-81.4990603654392
sc-newberry+county,Arrest,05/21/20,00 BLOCK OF E I26 NEWBERRY COUNTY,34.26000228247892,-81.4990603654392
sc-newberry+county,Other,05/22/20,"3100 BLOCK OF MAIN STREET, NEWBERRY HIGH SCHOOL NEWBERRY COUNTY",34.283164548430165,-81.58300017373524
sc-newberry+county,Other,05/22/20,SC 773 / COMMERCE PARK AVE NEWBERRY COUNTY,34.233540550814745,-81.46816975623155
sc-newberry+county,Arrest,05/22/20,SC 121/FRYE NEWBERRY COUNTY,34.37487893459537,-81.58212547454677
sc-newberry+county,Other,05/22/20,23200 BLOCK OF SC121 NEWBERRY COUNTY,34.46894981126457,-81.58596583836743
sc-newberry+county,Other,05/22/20,100 BLOCK OF CHURCH ST NEWBERRY COUNTY,34.50496000447542,-81.61480998695586
sc-newberry+county,Other,05/22/20,5600 BLOCK OF SC219 NEWBERRY COUNTY,34.29547640459651,-81.54117887868175
sc-newberry+county,Other,05/22/20,00 BLOCK OF E I26 NEWBERRY COUNTY,34.26000228247892,-81.4990603654392
sc-newberry+county,Other,05/22/20,100 BLOCK OF LEAMAN AVE NEWBERRY COUNTY,34.500253538268225,-81.6206608084255
sc-newberry+county,Other,05/22/20,ROLLIN RD NEWBERRY COUNTY,34.272532461312196,-81.54696551386692
sc-newberry+county,Other,05/22/20,1900 BLOCK OF ST NEWBERRY COUNTY,34.293280094000075,-81.60206894599996
sc-newberry+county,Other,05/22/20,00 BLOCK OF W I26 NEWBERRY COUNTY,34.26014034080883,-81.49891494794792
sc-newberry+county,Other,05/22/20,5000 BLOCK OF SC391 NEWBERRY COUNTY,34.15902680543198,-81.53205329786005
sc-newberry+county,Other,05/22/20,9300 BLOCK OF SC 34 BATTERY OUTLET NEWBERRY COUNTY,34.32907337917602,-81.53615510842712
sc-newberry+county,Other,05/22/20,1900 BLOCK OF WILSON RD NEWBERRY COUNTY,34.29336766838269,-81.60537654319708
sc-newberry+county,Other,05/22/20,200 BLOCK OF VANLUE LANE NEWBERRY COUNTY,34.50448387128045,-81.63249417533812
sc-newberry+county,Other,05/22/20,ROCK SPRINGS ROAD/SC 34 NEWBERRY COUNTY,34.197905136876656,-81.80389610261271
sc-newberry+county,Other,05/22/20,1600 BLOCK OF OXNER RD NEWBERRY COUNTY,34.30277975572657,-81.54004204091878
sc-newberry+county,Other,05/22/20,2100 BLOCK OF GRAHAM ROAD NEWBERRY COUNTY,34.33661840794132,-81.44260034589247
sc-newberry+county,Other,05/22/20,SC 219/MUD CREEK RD NEWBERRY COUNTY,34.298906063075854,-81.50340552267734
sc-newberry+county,Other,05/22/20,MAYER RD / US176 NEWBERRY COUNTY,34.23946201578499,-81.33158498197933
sc-newberry+county,Other,05/22/20,WHEELAND SCHOOL RD/MILL RD NEWBERRY COUNTY,34.16411329504916,-81.47272283014158
sc-newberry+county,Other,05/22/20,3500 BLOCK OF KIBLERS BRIDGE RD NEWBERRY COUNTY,34.237934752813565,-81.45916166475438
sc-newberry+county,Arrest,05/22/20,DIXIE/ADELAIDE NEWBERRY COUNTY,34.27021278065482,-81.59825422520088
sc-newberry+county,Theft,05/22/20,DIXIE/ADELAIDE NEWBERRY COUNTY,34.27021278065482,-81.59825422520088
sc-newberry+county,Other,05/22/20,ADELAIDE ST/EMORY ST NEWBERRY COUNTY,34.27021278065482,-81.59825422520088
sc-newberry+county,Other,05/23/20,400 BLOCK OF B FOUR OAKS ROAD NEWBERRY COUNTY,34.220176295649416,-81.40545469244681
sc-newberry+county,Other,05/23/20,LINDLER FIELD RD/COLEY TODD RD NEWBERRY COUNTY,34.186207582352424,-81.4351824233236
sc-newberry+county,Other,05/23/20,100 BLOCK OF PEAK RD NEWBERRY COUNTY,34.273488187162926,-81.35943202887414
sc-newberry+county,Other,05/23/20,KENDALL RD/FIRST ST NEWBERRY COUNTY,34.289802831178626,-81.63557284870956
sc-newberry+county,Arrest,05/23/20,KENDALL RD/FIRST ST NEWBERRY COUNTY,34.289802831178626,-81.63557284870956
sc-newberry+county,Other,05/23/20,2200 BLOCK OF THUNDER RD NEWBERRY COUNTY,34.29044620312265,-81.66321901717625
sc-newberry+county,Arrest,05/23/20,KENDALL ROAD/FIRST STREET NEWBERRY COUNTY,34.289802831178626,-81.63557284870956
sc-newberry+county,Other,05/23/20,2200 BLOCK OF THUNDER RD NEWBERRY COUNTY,34.29044620312265,-81.66321901717625
sc-newberry+county,Other,05/23/20,6700 BLOCK OF SC395 NEWBERRY COUNTY,34.2271721653325,-81.61136132672624
sc-newberry+county,Arrest,05/23/20,6700 BLOCK OF SC395 NEWBERRY COUNTY,34.2271721653325,-81.61136132672624
sc-newberry+county,Assault,05/23/20,3000 BLOCK OF BUSH RIVER RD NEWBERRY COUNTY,34.297210664084155,-81.68286956047267
sc-newberry+county,Other,05/23/20,1200 BLOCK OF CHARLES ST NEWBERRY COUNTY,34.26845776927594,-81.62719691883709
sc-newberry+county,Other,05/23/20,1100 BLOCK OF WILSON RD NEWBERRY COUNTY,34.281481480383356,-81.59518771008973
sc-newberry+county,Other,05/23/20,100 BLOCK OF DOVE DR NEWBERRY COUNTY,34.359094197495764,-81.51854969671166
sc-newberry+county,Other,05/23/20,500 BLOCK OF BERLEY BOLAND ROAD NEWBERRY COUNTY,34.21103928891409,-81.45718389543815
sc-newberry+county,Other,05/23/20,13300 BLOCK OF SC 34 NEWBERRY COUNTY,34.295709536358714,-81.5917112832302
sc-newberry+county,Other,05/23/20,I26 WEST/THE 67 MILE MARKER NEWBERRY COUNTY,34.4981462831685,-81.61249245401433
sc-newberry+county,Other,05/23/20,WHEELAND RD / CRAYNES LOOP NEWBERRY COUNTY,34.157320000000034,-81.44116999999993
sc-newberry+county,Other,05/23/20,5800 BLOCK OF BUSH RIVER RD NEWBERRY COUNTY,34.327477391007896,-81.71084331577315
sc-newberry+county,Other,05/23/20,00 BLOCK OF NORTH SHORE DRIVE NEWBERRY COUNTY,34.09309670150934,-81.43536016306606
sc-newberry+county,Other,05/23/20,3200 BLOCK OF LOUIS RICH RD NEWBERRY COUNTY,34.29974820923116,-81.63080089789082
sc-newberry+county,Assault,05/23/20,00 BLOCK OF SEALS DR NEWBERRY COUNTY,34.41251855309593,-81.72373509630677
sc-newberry+county,Other,05/23/20,1500 BLOCK OF OLD WHITMIRE HWY NEWBERRY COUNTY,34.32752334080072,-81.62922062881941
sc-newberry+county,Other,05/23/20,GRANT DR / CHERRY CIR NEWBERRY COUNTY,34.11464283861704,-81.48606682187983
sc-newberry+county,Other,05/23/20,1200 BLOCK OF BRAZELMANS BRIDGE ROAD NEWBERRY COUNTY,34.40526683946939,-81.55360894805031
sc-newberry+county,Other,05/23/20,00 BLOCK OF W I26 NEWBERRY COUNTY,34.26014034080883,-81.49891494794792
sc-newberry+county,Other,05/23/20,00 BLOCK OF OXNER RD NEWBERRY COUNTY,34.29846222743495,-81.53772021104369
sc-newberry+county,Other,05/23/20,VINCENT/GRAY NEWBERRY COUNTY,34.27845847174779,-81.63430789372295
sc-newberry+county,Other,05/23/20,1300 BLOCK OF MT TABOR RD NEWBERRY COUNTY,34.199245668971614,-81.44005390094709
sc-newberry+county,Other,05/24/20,14500 BLOCK OF US176 NEWBERRY COUNTY,34.35113790106597,-81.5161964318337
sc-newberry+county,Other,05/24/20,500 BLOCK OF SC56 NEWBERRY COUNTY,34.20746899343682,-81.88429224166201
sc-newberry+county,Other,05/24/20,500 BLOCK OF WILSON RD NEWBERRY COUNTY,34.271190759979504,-81.58963611736088
sc-newberry+county,Other,05/24/20,MACEDONIA CHURCH/LIVING INN NEWBERRY COUNTY,34.147017567283484,-81.4719801972466
sc-newberry+county,Other,05/24/20,1200 BLOCK OF LANGFORD STREET NEWBERRY COUNTY,34.26986869894778,-81.62653159807039
sc-newberry+county,Arrest,05/24/20,1200 BLOCK OF LANGFORD STREET NEWBERRY COUNTY,34.26986869894778,-81.62653159807039
sc-newberry+county,Other,05/24/20,4500 BLOCK OF COUNT SAUSAGE RD NEWBERRY COUNTY,34.170157724589394,-81.59398074045045
sc-newberry+county,Other,05/24/20,HAWKINS/DENNIS DAIRY RD NEWBERRY COUNTY,34.22470041222717,-81.64066152764288
sc-newberry+county,Other,05/24/20,GLENN ST / GLENN ST EXT NEWBERRY COUNTY,34.244802400203504,-81.59474326264173
sc-newberry+county,Other,05/24/20,SC121 / SULPHUR SPRINGS RD NEWBERRY COUNTY,34.47514963594108,-81.56798869740341
sc-newberry+county,Other,05/24/20,00 BLOCK OF E I26 REST AREA NEWBERRY COUNTY,34.412850000000056,-81.70516999999995
sc-newberry+county,Other,05/24/20,700 BLOCK OF MT TABOR RD NEWBERRY COUNTY,34.196132870667235,-81.4309908648816
sc-newberry+county,Other,05/24/20,700 BLOCK OF GIFF ST NEWBERRY COUNTY,34.27713102976881,-81.64400305626894
sc-newberry+county,Other,05/24/20,GARY ST / CENTRAL NEWBERRY COUNTY,34.351740000000056,-81.71814999999998
sc-newberry+county,Other,05/24/20,400 BLOCK OF OLD AIRPORT RD NEWBERRY COUNTY,34.48498496660936,-81.63595943362918
sc-newberry+county,Other,05/24/20,4000 BLOCK OF BUSH RIVER RD NEWBERRY COUNTY,34.309988526159195,-81.69093973952575
sc-newberry+county,Other,05/24/20,SUNSET BOAT RAMP NEWBERRY COUNTY,34.11586125057513,-81.4679244265333
sc-newberry+county,Other,05/24/20,8100 BLOCK OF BELFAST RD NEWBERRY COUNTY,34.277319924272774,-81.77458654044428
sc-newberry+county,Other,05/24/20,2500 BLOCK OF SC34 NEWBERRY COUNTY,34.3796470023755,-81.43460975638322
sc-newberry+county,Other,05/24/20,IRA KINARD / HOUSTON RD NEWBERRY COUNTY,34.11682559722527,-81.52577510290561
sc-newberry+county,Other,05/24/20,200 BLOCK OF PONDEROSA LN NEWBERRY COUNTY,34.168623730019085,-81.41027706321479
sc-newberry+county,Other,05/24/20,100 BLOCK OF FIG LANE NEWBERRY COUNTY,34.303854290441734,-81.5903019215612
sc-newberry+county,Other,05/24/20,00 BLOCK OF GREEN ACRES CT NEWBERRY COUNTY,34.18830502973325,-81.80252488786473
sc-newberry+county,Other,05/24/20,BENEDICT ST/WISE ST NEWBERRY COUNTY,34.27547461234536,-81.6046592944898
sc-newberry+county,Other,05/24/20,300 BLOCK OF POINT CIRCLE NEWBERRY COUNTY,34.105532918793934,-81.47617956435386
sc-newberry+county,Other,05/24/20,100 BLOCK OF FULMER RD NEWBERRY COUNTY,34.3305650059832,-81.5307999553286
sc-newberry+county,Other,05/24/20,00 BLOCK OF HOLLAWAY COVE RD NEWBERRY COUNTY,34.18118286825944,-81.89811167846156
sc-newberry+county,Other,05/24/20,700 BLOCK OF GRAY ST NEWBERRY COUNTY,34.27596779482523,-81.63820405765307
sc-newberry+county,Other,05/24/20,2200 BLOCK OF SC 773 NEWBERRY COUNTY,34.239981542239015,-81.45869094719589
sc-newberry+county,Other,05/24/20,VALLEY RD/FOLK RD NEWBERRY COUNTY,34.33121330515647,-81.6141753702203
sc-newberry+county,Other,05/24/20,00 BLOCK OF RABBIT LANE NEWBERRY COUNTY,34.268212789899515,-81.54446883757339
sc-newberry+county,Other,05/24/20,11500 BLOCK OF C R KOON HWY NEWBERRY COUNTY,34.223390462137395,-81.54372315465841
sc-newberry+county,Other,05/24/20,00 BLOCK OF OXNER RD NEWBERRY COUNTY,34.29846222743495,-81.53772021104369
sc-newberry+county,Other,05/24/20,SIMS ST/COLE AVE NEWBERRY COUNTY,34.49938513356174,-81.6176436245751
sc-newberry+county,Other,05/24/20,SC 121/FRYE RD NEWBERRY COUNTY,34.37487893459537,-81.58212547454677
sc-newberry+county,Arrest,05/24/20,SC 121/FRYE RD NEWBERRY COUNTY,34.37487893459537,-81.58212547454677
sc-newberry+county,Other,05/24/20,3500 BLOCK OF KIBLERS BRIDGE RD NEWBERRY COUNTY,34.237934752813565,-81.45916166475438
sc-newberry+county,Other,05/24/20,SC 121/KING CREEK NEWBERRY COUNTY,34.33147481476584,-81.57592268976344
sc-newberry+county,Arrest,05/24/20,SC 121/KING CREEK NEWBERRY COUNTY,34.33147481476584,-81.57592268976344
sc-newberry+county,Other,05/24/20,WILSON RD/ SC34 BYP NEWBERRY COUNTY,34.291185069782834,-81.6034997436368
sc-newberry+county,Other,05/24/20,12700 BLOCK OF SC 121 NEWBERRY COUNTY,34.32848625848679,-81.61046185909456
sc-newberry+county,Theft,05/25/20,00 BLOCK OF PARK MARINA DR NEWBERRY COUNTY,34.09046574519238,-81.41029142724568
sc-newberry+county,Other,05/25/20,COLONY CHURCH ROAD/US76 NEWBERRY COUNTY,34.226974791226525,-81.57680607689487
sc-newberry+county,Other,05/25/20,100 BLOCK OF DUCK BILL RD NEWBERRY COUNTY,34.120413656534346,-81.49352320288425
sc-newberry+county,Other,05/25/20,26400 BLOCK OF SC 121 NEWBERRY COUNTY,34.506396654151175,-81.60293004663487
sc-newberry+county,Other,05/25/20,2800 BLOCK OF MAIN ST NEWBERRY COUNTY,34.28252343093398,-81.5945226964075
sc-newberry+county,Arrest,05/25/20,2800 BLOCK OF MAIN ST NEWBERRY COUNTY,34.28252343093398,-81.5945226964075
sc-newberry+county,Other,05/25/20,800 BLOCK OF FLOYD STREET NEWBERRY COUNTY,34.273865850766825,-81.62841284420871
sc-newberry+county,Other,05/25/20,100 BLOCK OF MT ZION CIR NEWBERRY COUNTY,34.19205227675845,-81.40755784992625
sc-newberry+county,Other,05/25/20,00 BLOCK OF OVERHILL DR NEWBERRY COUNTY,34.13701399096773,-81.50506387886178
sc-newberry+county,Other,05/25/20,100 BLOCK OF CROSS CREEK TRL NEWBERRY COUNTY,34.189201913420185,-81.36165587599791
sc-newberry+county,Other,05/25/20,CONNLEY RD/SC 391 NEWBERRY COUNTY,34.16644720289949,-81.52359779202665
sc-newberry+county,Other,05/25/20,3200 BLOCK OF LOUIS RICH ROAD NEWBERRY COUNTY,34.29974820923116,-81.63080089789082
sc-newberry+county,Other,05/25/20,11800 BLOCK OF SC 121 NEWBERRY COUNTY,34.315152292809096,-81.61428349270018
sc-newberry+county,Other,05/25/20,400 BLOCK OF OLD AIRPORT RD NEWBERRY COUNTY,34.48498496660936,-81.63595943362918
sc-newberry+county,Other,05/25/20,00 BLOCK OF PINE VALLEY ROAD NEWBERRY COUNTY,34.28960228811694,-81.64549211601951
sc-newberry+county,Other,05/25/20,200 BLOCK OF DOUGLAS RD NEWBERRY COUNTY,34.368358364008195,-81.40814500050338
sc-newberry+county,Other,05/25/20,5900 BLOCK OF US176 NEWBERRY COUNTY,34.26222366525209,-81.4140954668088
sc-newberry+county,Other,05/25/20,3200 BLOCK OF NANCE ST NEWBERRY COUNTY,34.29573595161554,-81.63576988473423
sc-newberry+county,Arrest,05/25/20,SUNSET CIR/ SUNSET RD NEWBERRY COUNTY,34.115847660600444,-81.46790638218657
sc-newberry+county,Other,05/25/20,00 BLOCK OF MACEDONIA CHURCH RD NEWBERRY COUNTY,34.147017567283484,-81.4719801972466
sc-newberry+county,Other,05/25/20,1400 BLOCK OF FIRE TOWER RD NEWBERRY COUNTY,34.18581844277249,-81.55783044029877
sc-newberry+county,Arrest,05/25/20,200 BLOCK OF CHURCH STREET NEWBERRY COUNTY,34.20498221133253,-81.5382055927073
sc-newberry+county,Other,05/25/20,1500 BLOCK OF NANCE ST NEWBERRY COUNTY,34.277305046496075,-81.62273703267047
sc-newberry+county,Other,05/26/20,WHITENER RD / WILSON RD NEWBERRY COUNTY,34.30349446637058,-81.6078202680078
sc-newberry+county,Other,05/26/20,400 BLOCK OF S WHEELER AVE NEWBERRY COUNTY,34.21208212477196,-81.52124221601778
sc-newberry+county,Other,05/26/20,500 BLOCK OF LANEWOOD RD NEWBERRY COUNTY,34.329753051769984,-81.54968019965209
sc-newberry+county,Other,05/26/20,100 BLOCK OF CAROLINA LANE NEWBERRY COUNTY,34.25513667969575,-81.50439106520956
sc-newberry+county,Other,05/26/20,200 BLOCK OF ARBOR KNOLL DR NEWBERRY COUNTY,34.196092798979194,-81.53369491680931
sc-newberry+county,Other,05/26/20,300 BLOCK OF SUBERTOWN RD NEWBERRY COUNTY,34.496237057775986,-81.60910189959989
sc-newberry+county,Other,05/26/20,SC121 / DEADFALL RD NEWBERRY COUNTY,34.180770892720815,-81.63475049256444
sc-newberry+county,Other,05/26/20,100 BLOCK OF MID CAROLINA COURT NEWBERRY COUNTY,34.236588977092005,-81.46843212413438
sc-newberry+county,Other,05/26/20,200 BLOCK OF WALNUT GROVE LANE NEWBERRY COUNTY,34.294073384134464,-81.42405474869392
sc-newberry+county,Other,05/26/20,HALTIWANGER DR/BOYDS CROSSING RD NEWBERRY COUNTY,34.24687866318342,-81.58321551653499
sc-newberry+county,Other,05/26/20,00 BLOCK OF PORTER RD NEWBERRY COUNTY,34.32779006887327,-81.54918980761963
sc-newberry+county,Other,05/26/20,PINE VALLEY RD/ BUSH RIVER RD NEWBERRY COUNTY,34.322850000000074,-81.76213999999997
sc-newberry+county,Other,05/26/20,2200 BLOCK OF SC 773 NEWBERRY COUNTY,34.239981542239015,-81.45869094719589
sc-newberry+county,Other,05/26/20,19800 BLOCK OF US76 NEWBERRY COUNTY,34.31508614528384,-81.63369549906544
sc-newberry+county,Other,05/26/20,1100 BLOCK OF SALUDA RIVER RD NEWBERRY COUNTY,34.18310371302107,-81.70103306540594
sc-newberry+county,Other,05/26/20,400 BLOCK OF FOREST SHORES ROAD NEWBERRY COUNTY,34.09548995564785,-81.48872628642684
sc-newberry+county,Other,05/26/20,SC34 / US176 NEWBERRY COUNTY,34.507180897677685,-81.60169222397485
sc-newberry+county,Other,05/26/20,5400 BLOCK OF WHEELAND ROAD NEWBERRY COUNTY,34.184960389735195,-81.42500405609846
sc-newberry+county,Other,05/26/20,11500 BLOCK OF C R KOON HWY NEWBERRY COUNTY,34.223390462137395,-81.54372315465841
sc-newberry+county,Other,05/26/20,US76/SAM KOON RD NEWBERRY COUNTY,34.190209968408354,-81.37199491918341
sc-newberry+county,Assault,05/26/20,100 BLOCK OF CATFISH RD NEWBERRY COUNTY,34.263731219147445,-81.60001389496334
sc-newberry+county,Other,05/26/20,SC34/SHARPE RD NEWBERRY COUNTY,34.19772859443728,-81.84974427953377
sc-newberry+county,Other,05/26/20,1500 BLOCK OF BEAGLE RUN NEWBERRY COUNTY,34.19109481157666,-81.36412332463084
sc-newberry+county,Other,05/26/20,1100 BLOCK OF MAIN ST NEWBERRY COUNTY,34.216929983448665,-81.71488002022491
sc-newberry+county,Other,05/27/20,700 BLOCK OF KENDALL RD NEWBERRY COUNTY,34.28245506086035,-81.63707113792539
sc-newberry+county,Other,05/27/20,500 BLOCK OF KENDALL RD NEWBERRY COUNTY,34.27579521808836,-81.63745989879375
sc-newberry+county,Vandalism,05/27/20,500 BLOCK OF KENDALL RD NEWBERRY COUNTY,34.27579521808836,-81.63745989879375
sc-newberry+county,Other,05/27/20,100 BLOCK OF SKATING RINK LOOP NEWBERRY COUNTY,34.32522023081113,-81.55153690091778
sc-newberry+county,Other,05/27/20,1100 BLOCK OF OLD WHITMIRE HWY NEWBERRY COUNTY,34.32239312878289,-81.62978189117192
sc-newberry+county,Other,05/27/20,00 BLOCK OF PINE VALLEY RD NEWBERRY COUNTY,34.28960228811694,-81.64549211601951
sc-newberry+county,Other,05/27/20,200 BLOCK OF GLENN ST NEWBERRY COUNTY,34.26725750873918,-81.60475590447821
sc-newberry+county,Assault,05/27/20,400 BLOCK OF LOMINACK RD NEWBERRY COUNTY,34.11367475360164,-81.43333797508427
sc-newberry+county,Other,05/27/20,35-1 SUBERTOWN RD NEWBERRY COUNTY,34.498617006001034,-81.60533260635816
sc-newberry+county,Other,05/27/20,1500 BLOCK OF DENNIS DAIRY RD NEWBERRY COUNTY,34.218812200680105,-81.64517359359789
sc-newberry+county,Other,05/27/20,600 BLOCK OF CENTRAL SCHOOL RD NEWBERRY COUNTY,34.23179313666634,-81.41819890216263
sc-newberry+county,Other,05/27/20,I26 EAST 73 MM NEWBERRY COUNTY,34.26000228247892,-81.4990603654392
sc-newberry+county,Other,05/27/20,VINCENT/GRAY NEWBERRY COUNTY,34.27845847174779,-81.63430789372295
sc-newberry+county,Other,05/27/20,100 BLOCK OF SKATING RINK RD NEWBERRY COUNTY,34.32439307356946,-81.55111234635227
sc-newberry+county,Assault,05/28/20,5900 BLOCK OF SC34 NEWBERRY COUNTY,34.35125436902667,-81.48240807922465
sc-newberry+county,Arrest,05/28/20,SC395/ GLENN ST EXT NEWBERRY COUNTY,34.24020221334581,-81.60456372886017
sc-newberry+county,Arrest,05/28/20,900 BLOCK OF MAIN ST NEWBERRY COUNTY,34.273130015597275,-81.62224004120671
sc-newberry+county,Other,05/28/20,6100 BLOCK OF SC34 NEWBERRY COUNTY,34.24522690377333,-81.64465748904111
sc-newberry+county,Other,05/28/20,FOLK RD / SC 121 NEWBERRY COUNTY,34.3331818254058,-81.61747134362614
sc-newberry+county,Other,05/28/20,5300 BLOCK OF SC391 NEWBERRY COUNTY,34.163124426886704,-81.5340720579392
sc-newberry+county,Other,05/28/20,BUSH RIVER / FLOYD RD NEWBERRY COUNTY,34.322850000000074,-81.76213999999997
sc-newberry+county,Other,05/28/20,DREHER ISLAND/ ST PETERS CHURCH RD NEWBERRY COUNTY,38.868812262463436,-90.75262229351385
sc-newberry+county,Other,05/28/20,JOLLYSTREET RD/LYNN LN NEWBERRY COUNTY,34.262122596628906,-81.48893260878407
sc-newberry+county,Other,05/28/20,00 BLOCK OF FEASTER ST NEWBERRY COUNTY,34.50584113730093,-81.61029641570398
sc-newberry+county,Other,05/28/20,6000 BLOCK OF MACEDONIA CHURCH RD NEWBERRY COUNTY,34.16172980942993,-81.48068791700112
sc-newberry+county,Other,05/28/20,CRAYNES LOOP / WHEELAND RD NEWBERRY COUNTY,34.157320000000034,-81.44116999999993
sc-newberry+county,Other,05/28/20,NEAR 532 BEISEL RD NEWBERRY COUNTY,34.31933999262719,-81.59201003685222
sc-newberry+county,Other,05/28/20,200 BLOCK OF SC 773 NEWBERRY COUNTY,34.21629652396905,-81.48042346530501
sc-newberry+county,Other,05/28/20,2600 BLOCK OF KINARD STREET NEWBERRY COUNTY,34.289349054476396,-81.60488494200406
sc-newberry+county,Other,05/28/20,00 BLOCK OF SHELTER BAY RIDGE NEWBERRY COUNTY,34.09594582325123,-81.53747521957644
sc-newberry+county,Other,05/28/20,US76/SHRINE CLUB ROAD NEWBERRY COUNTY,34.25744646758214,-81.562866228106
sc-newberry+county,Arrest,05/28/20,OXNER ROAD NEWBERRY COUNTY,34.29846222743495,-81.53772021104369
sc-newberry+county,Other,05/28/20,200 BLOCK OF MACEDONIA CHURCH RD NEWBERRY COUNTY,34.09279285912974,-81.43261480042587
sc-newberry+county,Other,05/28/20,2600 BLOCK OF WILSON RD NEWBERRY COUNTY,34.30765421350376,-81.61939576404997
sc-newberry+county,Other,05/28/20,200 BLOCK OF TOM STEWART RD NEWBERRY COUNTY,34.30532110784027,-81.59994680067516
sc-newberry+county,Other,05/28/20,US SC76/WINDSONG TRAIL NEWBERRY COUNTY,34.19242094293283,-81.38669057457278
sc-newberry+county,Arrest,05/28/20,US SC76/WINDSONG TRAIL NEWBERRY COUNTY,34.19242094293283,-81.38669057457278
sc-newberry+county,Other,05/28/20,SC76/WINDSONG TRAIL NEWBERRY COUNTY,34.19242094293283,-81.38669057457278
sc-newberry+county,Arrest,05/28/20,SC76/WINDSONG TRAIL NEWBERRY COUNTY,34.19242094293283,-81.38669057457278
sc-newberry+county,Other,05/28/20,100 BLOCK OF BROWN CHAPEL CIR NEWBERRY COUNTY,34.28094831754841,-81.64838588181323
sc-newberry+county,Other,05/28/20,SC121/ FRYE RD NEWBERRY COUNTY,34.37487893459537,-81.58212547454677
sc-newberry+county,Arrest,05/28/20,SC121/ FRYE RD NEWBERRY COUNTY,34.37487893459537,-81.58212547454677
sc-newberry+county,Other,05/29/20,500 BLOCK OF HOLLANDS LANDING RD NEWBERRY COUNTY,34.11818454439358,-81.46182889951186
sc-newberry+county,Vandalism,05/29/20,700 BLOCK OF GREEN MEADOW DR NEWBERRY COUNTY,34.23287999082025,-81.59904002286449
sc-newberry+county,Other,05/29/20,VINCENT/ CLINE NEWBERRY COUNTY,34.27845847174779,-81.63430789372295
sc-newberry+county,Other,05/29/20,00 BLOCK OF SUBERTOWN ROAD NEWBERRY COUNTY,34.496334779520545,-81.60909455045714
sc-newberry+county,Other,05/29/20,1900 BLOCK OF MUDLICK RD NEWBERRY COUNTY,34.250076318937005,-81.83484531637463
sc-newberry+county,Other,05/29/20,NEWBERRY ARMS / WILSON RD NEWBERRY COUNTY,34.274857534320766,-81.59358994711067
sc-newberry+county,Other,05/29/20,7000 BLOCK OF JOLLYSTREET RD NEWBERRY COUNTY,34.25845631431129,-81.56153106919169
sc-newberry+county,Other,05/29/20,DIXIE DRIVE/ADELAIDE STREET NEWBERRY COUNTY,34.27021278065482,-81.59825422520088
sc-newberry+county,Arrest,05/29/20,DIXIE DRIVE/ADELAIDE STREET NEWBERRY COUNTY,34.27021278065482,-81.59825422520088
sc-newberry+county,Other,05/29/20,200 BLOCK OF ERNEST RD NEWBERRY COUNTY,34.183331141792344,-81.49959199850534
sc-newberry+county,Other,05/29/20,3600 BLOCK OF WHEELAND SCHOOL RD NEWBERRY COUNTY,34.16655731036994,-81.47851019644793
sc-newberry+county,Other,05/29/20,HARRINGTON/ WILSON NEWBERRY COUNTY,34.28204560422221,-81.61327735642854
sc-newberry+county,Other,05/29/20,100 BLOCK OF JAMES STREET NEWBERRY COUNTY,34.48802342219964,-81.6158366439147
sc-newberry+county,Other,05/29/20,200 BLOCK OF FOLK ST NEWBERRY COUNTY,34.27141470380082,-81.41622698391863
sc-newberry+county,Other,05/29/20,200 BLOCK OF MAPLE KNOLLS CT NEWBERRY COUNTY,34.10749700846204,-81.56878718969149
sc-newberry+county,Other,05/29/20,2200 BLOCK OF SC 773 NEWBERRY COUNTY,34.239981542239015,-81.45869094719589
sc-newberry+county,Other,05/29/20,400 BLOCK OF SHRINE CLUB NEWBERRY COUNTY,34.25391600608411,-81.5669784631584
sc-newberry+county,Other,05/29/20,2200 BLOCK OF SC773 NEWBERRY COUNTY,34.239981542239015,-81.45869094719589
sc-newberry+county,Other,05/29/20,US76/CANDY KITCHEN ROAD NEWBERRY COUNTY,34.209270047102606,-81.50186737193792
sc-newberry+county,Other,05/29/20,6400 BLOCK OF MACEDONIA CHURCH RD NEWBERRY COUNTY,34.16902499916625,-81.48351520425223
sc-newberry+county,Other,05/29/20,400 BLOCK OF SHILOH STREET NEWBERRY COUNTY,34.213154623240925,-81.54069456327505
sc-newberry+county,Other,05/29/20,2200 BLOCK OF SC 773 NEWBERRY COUNTY,34.239981542239015,-81.45869094719589
sc-newberry+county,Other,05/29/20,200 BLOCK OF SC 773 NEWBERRY COUNTY,34.21629652396905,-81.48042346530501
sc-newberry+county,Other,05/29/20,3200 BLOCK OF LOUIS RICH RD NEWBERRY COUNTY,34.29974820923116,-81.63080089789082
sc-newberry+county,Other,05/29/20,600 BLOCK OF APPLE LANE NEWBERRY COUNTY,34.272688834058435,-81.64140388668369
sc-newberry+county,Other,05/29/20,SPEARMAN RD/ TRINITY SPRINGS RD NEWBERRY COUNTY,34.24477443987813,-81.72188394462364
sc-newberry+county,Other,05/29/20,900 BLOCK OF MAIN ST NEWBERRY COUNTY,34.273130015597275,-81.62224004120671
sc-newberry+county,Theft,05/29/20,500 BLOCK OF HOLLANDS LANDING RD NEWBERRY COUNTY,34.11818454439358,-81.46182889951186
sc-newberry+county,Theft,05/30/20,00 BLOCK OF MILES LN NEWBERRY COUNTY,34.31184679332934,-81.59029270732013
sc-newberry+county,Other,05/30/20,1000 BLOCK OF WICKER ROAD NEWBERRY COUNTY,34.248970881145056,-81.4701697622917
sc-newberry+county,Other,05/30/20,JALAPA ROAD/I26 NEWBERRY COUNTY,34.38739177749613,-81.65844132105674
sc-newberry+county,Other,05/30/20,11500 BLOCK OF C R KOON HWY NEWBERRY COUNTY,34.223390462137395,-81.54372315465841
sc-newberry+county,Other,05/30/20,FOLK RD/OLD WHITMIRE HWY NEWBERRY COUNTY,34.380596898827925,-81.60468797606426
sc-newberry+county,Other,05/30/20,OVERHILL DR/SIEBERT RD NEWBERRY COUNTY,34.13701399096773,-81.50506387886178
sc-newberry+county,Other,05/30/20,300 BLOCK OF SUBERTOWN RD NEWBERRY COUNTY,34.496237057775986,-81.60910189959989
sc-newberry+county,Other,05/30/20,4300 BLOCK OF BETHEL CHURCH ROAD NEWBERRY COUNTY,34.142466027399266,-81.51986531865765
sc-newberry+county,Other,05/30/20,KINARD ST/DAVE DR NEWBERRY COUNTY,34.28882151621578,-81.60529726389166
sc-newberry+county,Other,05/30/20,300 BLOCK OF LEAMAN AVE NEWBERRY COUNTY,34.503380015726854,-81.62165003904218
sc-newberry+county,Other,05/30/20,2200 BLOCK OF THUNDER RD NEWBERRY COUNTY,34.29044620312265,-81.66321901717625
sc-newberry+county,Other,05/30/20,500 BLOCK OF DUCKETT AVENUE NEWBERRY COUNTY,34.50267423077268,-81.62982064032643
sc-newberry+county,Other,05/30/20,300 BLOCK OF SUBERTOWN RD NEWBERRY COUNTY,34.496237057775986,-81.60910189959989
sc-newberry+county,Other,05/30/20,7500 BLOCK OF JOLLYSTREET ROAD NEWBERRY COUNTY,34.259444670951765,-81.56688024685266
sc-newberry+county,Other,05/30/20,1700 BLOCK OF BROAD RIVER RD NEWBERRY COUNTY,34.259107894351175,-81.34923379457199
sc-newberry+county,Other,05/30/20,4900 BLOCK OF CROWDER RD NEWBERRY COUNTY,34.33492566039605,-81.82139041517236
sc-newberry+county,Other,05/30/20,00 BLOCK OF MM EAST BOUND I26 NEWBERRY COUNTY,34.293280094000075,-81.60206894599996
sc-newberry+county,Other,05/30/20,700 BLOCK OF GRAY ST NEWBERRY COUNTY,34.27596779482523,-81.63820405765307
sc-newberry+county,Other,05/30/20,9300 BLOCK OF MACEDONIA CHURCH RD NEWBERRY COUNTY,34.196726050735805,-81.51936704042771
sc-newberry+county,Other,05/30/20,700 BLOCK OF US76 NEWBERRY COUNTY,34.187421718835004,-81.38039114441926
sc-newberry+county,Other,05/30/20,1100 BLOCK OF COUNTS SAUSAGE ROAD NEWBERRY COUNTY,34.20060977652545,-81.54986270124151
sc-newberry+county,Other,05/30/20,00 BLOCK OF GREEN ACRES CT NEWBERRY COUNTY,34.18830502973325,-81.80252488786473
sc-newberry+county,Other,05/30/20,00 BLOCK OF OXNER RD NEWBERRY COUNTY,34.29846222743495,-81.53772021104369
sc-newberry+county,Other,05/30/20,HUNNICUTT LN/ SEALS DR NEWBERRY COUNTY,34.414290771511716,-81.72251543143445
sc-newberry+county,Other,05/30/20,FRAZIER ST/ QUEEN DR NEWBERRY COUNTY,34.287623375540825,-81.64810681817352
sc-newberry+county,Other,05/30/20,US76/ BEACON NEWBERRY COUNTY,34.31638810278522,-81.63773699434152
sc-newberry+county,Arrest,05/30/20,US76/ BEACON NEWBERRY COUNTY,34.31638810278522,-81.63773699434152
sc-newberry+county,Other,05/30/20,POPE/ ROSALYN NEWBERRY COUNTY,34.285366241320226,-81.63334473398419
sc-newberry+county,Other,05/31/20,400 BLOCK OF WINDING JOLLY ROAD NEWBERRY COUNTY,34.27068089933031,-81.54402202010584
sc-newberry+county,Other,05/31/20,11800 BLOCK OF US176 NEWBERRY COUNTY,34.323768670157584,-81.482836476246
sc-newberry+county,Other,05/31/20,SC 34/ SHARPE NEWBERRY COUNTY,34.194413916324635,-81.84515953654831
sc-newberry+county,Other,05/31/20,500 BLOCK OF SC 219 NEWBERRY COUNTY,34.29044102454165,-81.45716769203864
sc-newberry+county,Other,05/31/20,1800 BLOCK OF HOLLANDS LANDING RD NEWBERRY COUNTY,34.102100427777266,-81.47092009534042
sc-newberry+county,Other,05/31/20,400 BLOCK OF BOYDS PL NEWBERRY COUNTY,34.21732228212336,-81.38929047175425
sc-newberry+county,Other,05/31/20,DRAYTON / GRAY NEWBERRY COUNTY,34.08849438701652,-81.45743764565466
sc-newberry+county,Other,05/31/20,US176/ COLDSPRINGS NEWBERRY COUNTY,34.35082372379942,-81.51677060096435
sc-newberry+county,Other,05/31/20,12700 BLOCK OF SC 121 NEWBERRY COUNTY,34.32848625848679,-81.61046185909456
sc-newberry+county,Other,05/31/20,1900 BLOCK OF BACHMAN CHAPEL NEWBERRY COUNTY,34.24429764073421,-81.52475519087778
sc-newberry+county,Other,05/31/20,1000 BLOCK OF WHEELAND SCHOOL RD NEWBERRY COUNTY,34.156376151196625,-81.43566646775271
sc-newberry+county,Other,05/31/20,SC121/DEADFALL RD NEWBERRY COUNTY,34.180770892720815,-81.63475049256444
sc-newberry+county,Other,05/31/20,00 BLOCK OF PORTER RD NEWBERRY COUNTY,34.32779006887327,-81.54918980761963
sc-newberry+county,Other,05/31/20,700 BLOCK OF MT TABOR RD NEWBERRY COUNTY,34.196132870667235,-81.4309908648816
sc-newberry+county,Other,05/31/20,300 BLOCK OF LONG RD NEWBERRY COUNTY,34.18626026926853,-81.47814448502318
sc-newberry+county,Other,05/31/20,600 BLOCK OF HILLBROOK LANE NEWBERRY COUNTY,34.291035362744545,-81.57104088727006
sc-newberry+county,Other,05/31/20,13800 BLOCK OF CR KOON HWY NEWBERRY COUNTY,34.24856455644019,-81.57142436280645
sc-newberry+county,Other,05/31/20,3000 BLOCK OF ST NEWBERRY COUNTY,34.293280094000075,-81.60206894599996
sc-newberry+county,Other,05/31/20,400 BLOCK OF OLD AIRPORT RD NEWBERRY COUNTY,34.48498496660936,-81.63595943362918
sc-newberry+county,Vandalism,05/31/20,100 BLOCK OF ASHTON ROAD NEWBERRY COUNTY,34.3256992043186,-81.54946608500117
sc-newberry+county,Other,05/31/20,KENDALL ROAD/BRITAN DRIVE NEWBERRY COUNTY,34.289802831178626,-81.63557284870956
sc-newberry+county,Other,05/31/20,KENDALL ROAD/VINCENT STREET NEWBERRY COUNTY,34.27845847174779,-81.63430789372295
sc-newberry+county,Other,05/31/20,I26 WESTBOUND MM 64 NEWBERRY COUNTY,34.26000228247892,-81.4990603654392
sc-newberry+county,Other,05/31/20,12100 BLOCK OF BUSH RIVER ROAD NEWBERRY COUNTY,34.35022616422054,-81.79667863463564
sc-newberry+county,Other,05/31/20,3200 BLOCK OF NANCE STREET NEWBERRY COUNTY,34.29573595161554,-81.63576988473423
sc-newberry+county,Other,05/31/20,11700 BLOCK OF SC 34 NEWBERRY COUNTY,34.313017380643124,-81.57223884195045
sc-newberry+county,Other,05/31/20,2100 BLOCK OF ADELAIDE ST NEWBERRY COUNTY,34.27142999799523,-81.60558997728191
sc-newberry+county,Other,05/31/20,500 BLOCK OF CHURCH STREET NEWBERRY COUNTY,34.23668472625198,-81.3271053568877
sc-newberry+county,Other,05/31/20,SC 34 - 121 / INDUSTRIAL PARK RD NEWBERRY COUNTY,34.24978000309774,-81.64867002593758
sc-newberry+county,Other,05/31/20,5300 BLOCK OF US176 NEWBERRY COUNTY,34.25762493567344,-81.40480611792364
sc-newberry+county,Other,05/31/20,100 BLOCK OF ORCHARD PARK TRAIL NEWBERRY COUNTY,34.325983297887646,-81.54204820491739
sc-newberry+county,Theft,06/01/20,2600 BLOCK OF WILSON ROAD NEWBERRY COUNTY,34.30765421350376,-81.61939576404997
sc-newberry+county,Theft,06/01/20,800 BLOCK OF WILSON ROAD NEWBERRY COUNTY,34.277500477438736,-81.59304555453447
sc-newberry+county,Other,06/01/20,00 BLOCK OF SHELTER BAY RDG NEWBERRY COUNTY,34.09594582325123,-81.53747521957644
sc-newberry+county,Other,06/01/20,3600 BLOCK OF SPEARMAN RD NEWBERRY COUNTY,34.235743627217666,-81.71972058202225
sc-newberry+county,Other,06/01/20,200 BLOCK OF WOODLAND RD NEWBERRY COUNTY,34.21675103382819,-81.70708625178091
sc-newberry+county,Theft,06/01/20,800 BLOCK OF WILSON RD NEWBERRY COUNTY,34.277500477438736,-81.59304555453447
sc-newberry+county,Other,06/01/20,100 BLOCK OF GRANT ST NEWBERRY COUNTY,34.50127364392919,-81.61778979926648
sc-newberry+county,Theft,06/01/20,1000 BLOCK OF BRAZLEMANS BRIDGE RD NEWBERRY COUNTY,34.40247971578113,-81.55566121935959
sc-newberry+county,Other,06/01/20,DEAD END OF OXNER ROAD NEWBERRY COUNTY,34.29846222743495,-81.53772021104369
sc-newberry+county,Other,06/01/20,00 BLOCK OF COLEMAN AVE NEWBERRY COUNTY,34.5024949126931,-81.60798579058017
sc-newberry+county,Other,06/01/20,SC 773 / I26 NEWBERRY COUNTY,34.22772063870078,-81.46975581609179
sc-newberry+county,Other,06/01/20,35700 BLOCK OF SC 34 NEWBERRY COUNTY,34.165116828302395,-81.90109801814253
sc-newberry+county,Other,06/01/20,11700 BLOCK OF US176 NEWBERRY COUNTY,34.322825888275936,-81.48150866351163
sc-newberry+county,Other,06/01/20,00 BLOCK OF SUBERTOWN ROAD NEWBERRY COUNTY,34.496334779520545,-81.60909455045714
sc-newberry+county,Other,06/01/20,600 BLOCK OF LIVINGSTON RD NEWBERRY COUNTY,34.32985550123182,-81.4757822664573
sc-newberry+county,Other,06/01/20,400 BLOCK OF BROWN CHAPEL CIR NEWBERRY COUNTY,34.2836660578652,-81.65153950802241
sc-newberry+county,Other,06/01/20,1600 BLOCK OF IRA KINARD RD NEWBERRY COUNTY,34.10874708112941,-81.53531092452359
sc-newberry+county,Assault,06/01/20,I26 WEST/THE 85 MILE MARKER NEWBERRY COUNTY,34.498082520963415,-81.61245230817393
sc-newberry+county,Burglary,06/01/20,3200 BLOCK OF COLLEGE ST NEWBERRY COUNTY,34.295200708188894,-81.62163875536899
sc-newberry+county,Other,06/01/20,3800 BLOCK OF LOUIS RICH RD NEWBERRY COUNTY,34.31005927385138,-81.63699175051372
sc-newberry+county,Other,06/01/20,US76/RISER ROAD NEWBERRY COUNTY,34.37895637429031,-81.72589716851073
sc-newberry+county,Other,06/01/20,00 BLOCK OF PROSPERITY COURT NEWBERRY COUNTY,34.08112357006386,-81.50570764441768
sc-newberry+county,Other,06/01/20,3200 BLOCK OF MAIN STREET NEWBERRY COUNTY,34.283186652379,-81.58259344625434
sc-newberry+county,Other,06/01/20,200 BLOCK OF GLENN ST NEWBERRY COUNTY,34.26725750873918,-81.60475590447821
sc-newberry+county,Other,06/01/20,ST LUKES CHURCH RD/COUNTS SAUSAGE NEWBERRY COUNTY,34.22023932221637,-81.59501812461265
sc-newberry+county,Other,06/01/20,100 BLOCK OF OLIVE RD NEWBERRY COUNTY,34.32488584700307,-81.54578923099356
sc-newberry+county,Other,06/01/20,KENDALL RD / LOUIS RICH RD NEWBERRY COUNTY,34.30312464740328,-81.63242156606361
sc-newberry+county,Other,06/01/20,DRAYTON ST/GIFF ST NEWBERRY COUNTY,34.273859332443074,-81.62849739858954
sc-newberry+county,Other,06/01/20,8700 BLOCK OF BROAD RIVER RD NEWBERRY COUNTY,34.349379762540394,-81.39337648491585
sc-newberry+county,Other,06/01/20,BENEDICT/WISE NEWBERRY COUNTY,34.27547461234536,-81.6046592944898
sc-newberry+county,Other,06/02/20,US76/SHEALY NEWBERRY COUNTY,34.216432314718666,-81.5230864365587
sc-newberry+county,Other,06/02/20,100 BLOCK OF SANDY BEACH DR NEWBERRY COUNTY,34.07898994527404,-81.50441306094345
sc-newberry+county,Other,06/02/20,ELENORE ST / BOWMAN ST NEWBERRY COUNTY,34.27695811030308,-81.60670609761462
sc-newberry+county,Other,06/02/20,5400 BLOCK OF WHEELAND RD NEWBERRY COUNTY,34.184960389735195,-81.42500405609846
sc-newberry+county,Other,06/02/20,OXNER / SC 219 NEWBERRY COUNTY,34.29846222743495,-81.53772021104369
sc-newberry+county,Other,06/02/20,BELFAST ROAD/FIELDVIEW ROAD NEWBERRY COUNTY,34.26801358545588,-81.69126360684861
sc-newberry+county,Other,06/02/20,900 BLOCK OF MAIN ST NEWBERRY COUNTY,34.273130015597275,-81.62224004120671
sc-newberry+county,Other,06/02/20,100 BLOCK OF RAINBOW LN NEWBERRY COUNTY,34.22764942805513,-81.58000324978408
sc-newberry+county,Other,06/02/20,2800 BLOCK OF MAIN STREET NEWBERRY COUNTY,34.28252343093398,-81.5945226964075
sc-newberry+county,Other,06/02/20,GRANNY HILL RD/HOLLANDS LANDING RD NEWBERRY COUNTY,34.110370086666286,-81.46385720377404
sc-newberry+county,Other,06/02/20,3200 BLOCK OF LOUIS RICH RD NEWBERRY COUNTY,34.29974820923116,-81.63080089789082
sc-newberry+county,Other,06/02/20,200 BLOCK OF BRANDON RD NEWBERRY COUNTY,34.326306149357826,-81.5490076889005
sc-newberry+county,Other,06/02/20,6600 BLOCK OF BUSH RIVER RD NEWBERRY COUNTY,34.330601209095704,-81.71861739093184
sc-newberry+county,Other,06/02/20,200 BLOCK OF MAWSONS WAY NEWBERRY COUNTY,34.28920846781944,-81.54596321221007
sc-newberry+county,Other,06/02/20,700 BLOCK OF CYPRESS POINT DR NEWBERRY COUNTY,34.17683069878395,-81.89473853967485
sc-newberry+county,Other,06/02/20,100 BLOCK OF CY SCHUMPERT RD NEWBERRY COUNTY,34.216007978322914,-81.47879009977079
sc-newberry+county,Other,06/02/20,100 BLOCK OF SUNVIEW RD NEWBERRY COUNTY,34.101879980462535,-81.47392000140339
sc-newberry+county,Other,06/02/20,300 BLOCK OF CLEMMIE ROAD NEWBERRY COUNTY,34.112448991983705,-81.48763650437999
sc-newberry+county,Other,06/02/20,SC 34/LITTLE RIVER BAPTIST CHURCH RD NEWBERRY COUNTY,34.208099320379,-81.76685206994131
sc-newberry+county,Other,06/02/20,600 BLOCK OF APPLE LANE NEWBERRY COUNTY,34.272688834058435,-81.64140388668369
sc-newberry+county,Other,06/02/20,2600 BLOCK OF MACEDONIA CHURCH RD NEWBERRY COUNTY,34.12181235074952,-81.45608638693544
sc-newberry+county,Other,06/02/20,I26 EAST/THE 72 MM NEWBERRY COUNTY,34.26000228247892,-81.4990603654392
sc-newberry+county,Other,06/02/20,400 BLOCK OF ELBERT HUNTER RD NEWBERRY COUNTY,34.16718073565151,-81.5887529412304
sc-newberry+county,Other,06/03/20,28800 BLOCK OF US76 NEWBERRY COUNTY,34.37443031427171,-81.76837989519206
sc-newberry+county,Other,06/03/20,00 BLOCK OF THOMAS GRIFFIN RD NEWBERRY COUNTY,34.3103967727712,-81.57676743703381
sc-newberry+county,Other,06/03/20,11800 BLOCK OF US176 NEWBERRY COUNTY,34.323768670157584,-81.482836476246
sc-newberry+county,Assault,06/03/20,100 BLOCK OF RAINBOW LN NEWBERRY COUNTY,34.22764942805513,-81.58000324978408
sc-newberry+county,Other,06/03/20,500 BLOCK OF LANEWOOD RD NEWBERRY COUNTY,34.329753051769984,-81.54968019965209
sc-newberry+county,Other,06/03/20,US76/HERMAN WISE RD NEWBERRY COUNTY,34.297957963848745,-81.66927621753379
sc-newberry+county,Other,06/03/20,700 BLOCK OF GIFF STREET NEWBERRY COUNTY,34.27713102976881,-81.64400305626894
sc-newberry+county,Other,06/03/20,100 BLOCK OF GRANT DR NEWBERRY COUNTY,34.11361524039391,-81.4922437710798
sc-newberry+county,Other,06/03/20,C R KOON HWY/HALTIWANGER DR NEWBERRY COUNTY,34.25278524433205,-81.5773232460507
sc-newberry+county,Other,06/03/20,4000 BLOCK OF FRAZIER STREET NEWBERRY COUNTY,34.28845136166677,-81.64829750709072
sc-newberry+county,Other,06/03/20,NEWBERRY COUNTY SHERIFF'S OFFICE- 550 WILSON ROAD NEWBERRY COUNTY,34.27203001653405,-81.58995999097355
sc-newberry+county,Other,06/03/20,00 BLOCK OF LONG SHOT DR NEWBERRY COUNTY,34.200703037423324,-81.91933478013031
sc-newberry+county,Other,06/03/20,00 BLOCK OF HICKORY BAY LN NEWBERRY COUNTY,34.170664265125176,-81.89739299268163
sc-newberry+county,Other,06/03/20,1200 BLOCK OF COUNTS SAUSAGE ROAD NEWBERRY COUNTY,34.20057228496143,-81.55167679919991
sc-newberry+county,Other,06/03/20,2400 BLOCK OF BETHEL CHURCH ROAD NEWBERRY COUNTY,34.1201625045638,-81.50621694017299
sc-newberry+county,Other,06/03/20,12700 BLOCK OF SC 121 NEWBERRY COUNTY,34.32848625848679,-81.61046185909456
sc-newberry+county,Theft,06/03/20,00 BLOCK OF ALLEN RD NEWBERRY COUNTY,34.20799142285117,-81.77632174284912
sc-newberry+county,Other,06/03/20,600 BLOCK OF WISE STREET NEWBERRY COUNTY,34.27441314270894,-81.60150225651367
sc-newberry+county,Other,06/03/20,200 BLOCK OF MAWSONS WAY NEWBERRY COUNTY,34.28920846781944,-81.54596321221007
sc-newberry+county,Other,06/03/20,200 BLOCK OF HAMMS LANDING RD NEWBERRY COUNTY,34.10647900918037,-81.44614002392049
sc-newberry+county,Other,06/03/20,2000 BLOCK OF WILSON RD NEWBERRY COUNTY,34.294938904419276,-81.60691280460759
sc-newberry+county,Other,06/03/20,3500 BLOCK OF KIBLERS BRIDGE RD NEWBERRY COUNTY,34.237934752813565,-81.45916166475438
sc-newberry+county,Arrest,06/03/20,SC 391 / STONEY HILL RD NEWBERRY COUNTY,34.17992122326578,-81.53962296831341
sc-newberry+county,Theft,06/04/20,3200 BLOCK OF NANCE ST NEWBERRY COUNTY,34.29573595161554,-81.63576988473423
sc-newberry+county,Other,06/04/20,400 BLOCK OF PIONEER SHORES RD NEWBERRY COUNTY,34.100323068880584,-81.44659297734066
sc-newberry+county,Other,06/04/20,SC34 / HERITAGE NEWBERRY COUNTY,34.28556860585696,-81.59296455925616
sc-newberry+county,Other,06/04/20,5600 BLOCK OF SC395 NEWBERRY COUNTY,34.21355420236004,-81.61887820349153
sc-newberry+county,Other,06/04/20,700 BLOCK OF GIFF STREET NEWBERRY COUNTY,34.27713102976881,-81.64400305626894
sc-newberry+county,Other,06/04/20,00 BLOCK OF OXNER RD NEWBERRY COUNTY,34.29846222743495,-81.53772021104369
sc-newberry+county,Other,06/04/20,100 BLOCK OF FRANDEENA'S CT NEWBERRY COUNTY,34.164787919983866,-81.48387863825073
sc-newberry+county,Arrest,06/04/20,100 BLOCK OF FRANDEENA'S CT NEWBERRY COUNTY,34.164787919983866,-81.48387863825073
sc-newberry+county,Other,06/04/20,5600 BLOCK OF SC219 NEWBERRY COUNTY,34.29547640459651,-81.54117887868175
sc-newberry+county,Other,06/04/20,600 BLOCK OF POPE ST NEWBERRY COUNTY,34.28255999194577,-81.63670997211557
sc-newberry+county,Other,06/04/20,100 BLOCK OF PORTER ROAD NEWBERRY COUNTY,34.327706015090776,-81.54923740506717
sc-newberry+county,Assault,06/04/20,2600 BLOCK OF MACEDONIA CHURCH RD NEWBERRY COUNTY,34.12181235074952,-81.45608638693544
sc-newberry+county,Other,06/04/20,200 BLOCK OF SPRINGHILL DR NEWBERRY COUNTY,34.35830643946837,-81.52573826690386
sc-newberry+county,Other,06/04/20,200 BLOCK OF SC 395 NEWBERRY COUNTY,34.2639868870819,-81.61254331691825
sc-newberry+county,Other,06/04/20,00 BLOCK OF KOOKIE LN NEWBERRY COUNTY,34.27417928025355,-81.64396783503967
sc-newberry+county,Other,06/04/20,11700 BLOCK OF SC 34 NEWBERRY COUNTY,34.313017380643124,-81.57223884195045
sc-newberry+county,Other,06/04/20,1000 BLOCK OF HOPE STATION RD NEWBERRY COUNTY,34.25818324793436,-81.3694225995772
sc-newberry+county,Other,06/04/20,100 BLOCK OF JAMES WILLIAMS RD NEWBERRY COUNTY,34.32508394387177,-81.54948742667438
sc-newberry+county,Other,06/04/20,MAIN ST/POMARIA ST NEWBERRY COUNTY,34.26313490360174,-81.41420360693084
sc-newberry+county,Other,06/04/20,400 BLOCK OF SAM PUGH ROAD NEWBERRY COUNTY,34.132344293280894,-81.54675239372551
sc-newberry+county,Other,06/04/20,CHURCH ST / WOODLAND RD NEWBERRY COUNTY,34.218300047432216,-81.70732566042356
sc-newberry+county,Other,06/04/20,100 BLOCK OF RAINBOW LANE NEWBERRY COUNTY,34.22764942805513,-81.58000324978408
sc-newberry+county,Other,06/04/20,00 BLOCK OF NANCE ST NEWBERRY COUNTY,34.280030042896236,-81.62551903829868
sc-newberry+county,Other,06/04/20,SC 121 / ADAM TESENIAR RD NEWBERRY COUNTY,34.34702965217532,-81.60839964095959
sc-newberry+county,Other,06/04/20,100 BLOCK OF ARMFIELD DR NEWBERRY COUNTY,34.21014141744425,-81.5412350783316
sc-newberry+county,Other,06/04/20,500 BLOCK OF SHRINE CLUB RD NEWBERRY COUNTY,34.252753702740065,-81.56816167705044
sc-newberry+county,Other,06/04/20,00 BLOCK OF LAMB WAY NEWBERRY COUNTY,34.19745505051569,-81.52485489916282
sc-newberry+county,Other,06/04/20,100 BLOCK OF B CONIFER DRIVE NEWBERRY COUNTY,34.21134367423169,-81.55003317778797
sc-newberry+county,Other,06/04/20,US176/SC213 NEWBERRY COUNTY,34.507180897677685,-81.60169222397485
sc-newberry+county,Other,06/05/20,2400 BLOCK OF WILSON ROAD NEWBERRY COUNTY,34.30355817534447,-81.61536884926494
sc-newberry+county,Theft,06/05/20,1900 BLOCK OF BACHMAN CHAPEL ROAD NEWBERRY COUNTY,34.24429764073421,-81.52475519087778
sc-newberry+county,Other,06/05/20,100 BLOCK OF ASHTON RD NEWBERRY COUNTY,34.3256992043186,-81.54946608500117
sc-newberry+county,Other,06/05/20,SC 121/ UNION ST NEWBERRY COUNTY,38.92693528971518,-87.02171768346294
sc-newberry+county,Arrest,06/05/20,SC 121/ UNION ST NEWBERRY COUNTY,38.92693528971518,-87.02171768346294
sc-newberry+county,Other,06/05/20,BOUNDARY ST/ MOUNTAIN ST NEWBERRY COUNTY,34.194978086442426,-81.41256860470176
sc-newberry+county,Other,06/05/20,300 BLOCK OF FEDERAL LN NEWBERRY COUNTY,34.20253913929705,-81.55434065472808
sc-newberry+county,Other,06/05/20,11400 BLOCK OF SC 121 (CAR BABY) NEWBERRY COUNTY,34.31022337137534,-81.6177588509454
sc-newberry+county,Other,06/05/20,600 BLOCK OF RUFF BOTTOM RD NEWBERRY COUNTY,34.25243563295548,-81.53980245138195
sc-newberry+county,Other,06/05/20,00 BLOCK OF OXNER RD NEWBERRY COUNTY,34.29846222743495,-81.53772021104369
sc-newberry+county,Other,06/05/20,VINCENT STREET/GRAY STREET NEWBERRY COUNTY,34.27845847174779,-81.63430789372295
sc-newberry+county,Arrest,06/05/20,VINCENT STREET/GRAY STREET NEWBERRY COUNTY,34.27845847174779,-81.63430789372295
sc-newberry+county,Other,06/05/20,FOUR OAKS RD/PARR NEWBERRY COUNTY,34.21833728458455,-81.4012311191352
sc-newberry+county,Other,06/05/20,NEAR 3841 GRAHAM ROAD NEWBERRY COUNTY,34.36115001531371,-81.44710998118255
sc-newberry+county,Other,06/05/20,400 BLOCK OF BROWN CHAPEL DR NEWBERRY COUNTY,34.285529764676106,-81.65016411401294
sc-newberry+county,Other,06/05/20,4200 BLOCK OF JOLLYSTREET RD NEWBERRY COUNTY,34.26902305212977,-81.51671751545545
sc-newberry+county,Other,06/05/20,BRITTIAN/KENDELL NEWBERRY COUNTY,34.29738661527806,-81.62782784066188
sc-newberry+county,Other,06/05/20,600 BLOCK OF POPE ST NEWBERRY COUNTY,34.28255999194577,-81.63670997211557
sc-newberry+county,Other,06/05/20,2000 BLOCK OF MAIN ST NEWBERRY COUNTY,34.27848001675609,-81.6096599780068
sc-newberry+county,Other,06/05/20,1500 BLOCK OF MAIN ST NEWBERRY COUNTY,34.27497998544713,-81.61701995954711
sc-newberry+county,Other,06/05/20,BETHEL CHURCH RD/SEIBERT RD NEWBERRY COUNTY,34.121909103652435,-81.50827136617045
sc-newberry+county,Other,06/05/20,100 BLOCK OF RAINBOW LN NEWBERRY COUNTY,34.22764942805513,-81.58000324978408
sc-newberry+county,Other,06/05/20,SC202/I26 NEWBERRY COUNTY,34.196735121564515,-81.41245966382759
sc-newberry+county,Other,06/05/20,00 BLOCK OF W I26 NEWBERRY COUNTY,34.26014034080883,-81.49891494794792
sc-newberry+county,Other,06/05/20,00 BLOCK OF OXNER ROAD NEWBERRY COUNTY,34.29846222743495,-81.53772021104369
sc-newberry+county,Other,06/05/20,WICKER RD/SC773 NEWBERRY COUNTY,34.24847444327909,-81.46827736052477
sc-newberry+county,Other,06/06/20,3200 BLOCK OF LOUIS RICH RD NEWBERRY COUNTY,34.29974820923116,-81.63080089789082
sc-newberry+county,Theft,06/06/20,100 BLOCK OF LEVER RD NEWBERRY COUNTY,34.30584565982923,-81.59656735572955
sc-newberry+county,Theft,06/06/20,100 BLOCK OF MALLARD COVE NEWBERRY COUNTY,34.122716039089305,-81.43907552573465
sc-newberry+county,Vandalism,06/06/20,3500 BLOCK OF KIBLERS BRIDGE RD NEWBERRY COUNTY,34.237934752813565,-81.45916166475438
sc-newberry+county,Other,06/06/20,700 BLOCK OF GREEN MEADOWS DR NEWBERRY COUNTY,34.23287999082025,-81.59904002286449
sc-newberry+county,Other,06/06/20,5900 BLOCK OF PARR RD NEWBERRY COUNTY,34.24861028640927,-81.33284611176033
sc-newberry+county,Other,06/06/20,300 BLOCK OF CLARK ST NEWBERRY COUNTY,34.49963140510434,-81.62979986857243
sc-newberry+county,Other,06/06/20,400 BLOCK OF LANGFORD ST NEWBERRY COUNTY,34.216272809035914,-81.53202075507906
sc-newberry+county,Other,06/06/20,900 BLOCK OF GREEN ACRES RD NEWBERRY COUNTY,34.18498840223909,-81.80050519198291
sc-newberry+county,Other,06/06/20,4900 BLOCK OF ISLAND FORD RD NEWBERRY COUNTY,34.2318936387533,-81.81001492999675
sc-newberry+county,Other,06/06/20,DRAYTON/ GIFF NEWBERRY COUNTY,34.08849438701652,-81.45743764565466
sc-newberry+county,Other,06/06/20,200 BLOCK OF OAK HOLLOW RD NEWBERRY COUNTY,34.31191393596385,-81.59401723981624
sc-newberry+county,Vandalism,06/06/20,200 BLOCK OF OAK HOLLOW RD NEWBERRY COUNTY,34.31191393596385,-81.59401723981624
sc-newberry+county,Other,06/06/20,1400 BLOCK OF HAWKINS TRAILER CT NEWBERRY COUNTY,34.31102051796126,-81.62617249765245
sc-newberry+county,Other,06/06/20,MAIN STREET/BOYD STREET NEWBERRY COUNTY,46.350100050377705,-85.54589994509979
sc-newberry+county,Other,06/06/20,100 BLOCK OF CATFISH ROAD NEWBERRY COUNTY,34.263731219147445,-81.60001389496334
sc-newberry+county,Other,06/06/20,100 BLOCK OF LEVER RD NEWBERRY COUNTY,34.30584565982923,-81.59656735572955
sc-newberry+county,Other,06/06/20,SKATING RINK RD/LANEWOOD NEWBERRY COUNTY,34.32403000122169,-81.55104499166589
sc-newberry+county,Other,06/06/20,US176/SC 773 NEWBERRY COUNTY,34.507180897677685,-81.60169222397485
sc-newberry+county,Other,06/06/20,100 BLOCK OF RICE RD NEWBERRY COUNTY,34.29470308392276,-81.68028233026394
sc-newberry+county,Other,06/06/20,1800 BLOCK OF LAKEWOOD DR NEWBERRY COUNTY,34.10118000772836,-81.55244996843508
sc-newberry+county,Other,06/06/20,MCNEARY/ DOMINICK NEWBERRY COUNTY,34.092286293480264,-81.51501001192956
sc-newberry+county,Arrest,06/06/20,SC 121/ UNION ST NEWBERRY COUNTY,38.92693528971518,-87.02171768346294
sc-newberry+county,Other,06/06/20,UNION STREET/SC 121 NEWBERRY COUNTY,34.504364419597,-81.60726039987429
sc-newberry+county,Arrest,06/06/20,UNION STREET/SC 121 NEWBERRY COUNTY,34.504364419597,-81.60726039987429
sc-newberry+county,Other,06/06/20,SC 391/ MT PILGRIM CHURCH RD NEWBERRY COUNTY,34.196201261370504,-81.45751909412661
sc-newberry+county,Other,06/06/20,US76/ELM ST NEWBERRY COUNTY,34.20985509817396,-81.5266326810415
sc-newberry+county,Arrest,06/06/20,SC 121/UNION COUNTY LINE NEWBERRY COUNTY,34.293280094000075,-81.60206894599996
sc-newberry+county,Other,06/07/20,2400 BLOCK OF WILSON ROAD NEWBERRY COUNTY,34.30355817534447,-81.61536884926494
sc-newberry+county,Assault,06/07/20,00 BLOCK OF GREEN ACE RD NEWBERRY COUNTY,34.184299223737305,-81.80360613365968
sc-newberry+county,Other,06/07/20,11700 BLOCK OF SC34 (BP) NEWBERRY COUNTY,34.313017380643124,-81.57223884195045
sc-newberry+county,Other,06/07/20,100 BLOCK OF VAUGHNVILLE CHURCH RD NEWBERRY COUNTY,34.23911225223256,-81.90269896446776
sc-newberry+county,Other,06/07/20,MT PLEASANT RD/GLYMPHVILLE RD NEWBERRY COUNTY,34.39914789138244,-81.42496300831449
sc-newberry+county,Other,06/07/20,300 BLOCK OF N MAIN ST NEWBERRY COUNTY,34.50673001096898,-81.61857999936612
sc-newberry+county,Other,06/07/20,BOUNDARY / DIXIE NEWBERRY COUNTY,34.264995823660016,-81.62593411955193
sc-newberry+county,Other,06/07/20,10000 BLOCK OF SC34 NEWBERRY COUNTY,34.32412619911434,-81.54674780437851
sc-newberry+county,Other,06/07/20,NEAR ADDRESS OF 1419 CIVITAN RD NEWBERRY COUNTY,34.31055999096043,-81.63065002375778
sc-newberry+county,Other,06/07/20,26500 BLOCK OF SC34 NEWBERRY COUNTY,34.21216550333605,-81.75844196484988
sc-newberry+county,Other,06/07/20,1000 BLOCK OF FAIRWAY DR NEWBERRY COUNTY,34.310041713754565,-81.65832727357228
sc-newberry+county,Other,06/07/20,900 BLOCK OF SC66 NEWBERRY COUNTY,34.494505421506204,-81.62088045820332
sc-newberry+county,Other,06/07/20,GARY STREET/SC 66 NEWBERRY COUNTY,34.49998706360668,-81.61004001970001
sc-newberry+county,Other,06/07/20,6600 BLOCK OF SC 395 NEWBERRY COUNTY,34.226089978520776,-81.61098548110384
sc-newberry+county,Other,06/07/20,SC 121/SC 34 BYPASS NEWBERRY COUNTY,34.394509478135255,-81.40038605405533
sc-newberry+county,Other,06/07/20,SC121/ KINGS CREEK NEWBERRY COUNTY,34.15975039406526,-81.58773476388427
sc-newberry+county,Other,06/07/20,35700 BLOCK OF SC 34 NEWBERRY COUNTY,34.165116828302395,-81.90109801814253
sc-newberry+county,Other,06/07/20,7500 BLOCK OF MACEDONIA CHURCH RD NEWBERRY COUNTY,34.18031419003954,-81.49840494276977
sc-newberry+county,Other,06/07/20,SC 121/OLD NEWBERRY HWY NEWBERRY COUNTY,34.43203124996548,-81.58100894542457
sc-newberry+county,Arrest,06/07/20,SC 121/OLD NEWBERRY HWY NEWBERRY COUNTY,34.43203124996548,-81.58100894542457
sc-newberry+county,Other,06/07/20,2000 BLOCK OF MAIN ST NEWBERRY COUNTY,34.27848001675609,-81.6096599780068
sc-newberry+county,Other,06/07/20,1700 BLOCK OF KOON TRESTLE RD NEWBERRY COUNTY,34.240336723821365,-81.43991471487023
sc-newberry+county,Other,06/07/20,00 BLOCK OF THOMAS GRIFFIN RD NEWBERRY COUNTY,34.3103967727712,-81.57676743703381
sc-newberry+county,Other,06/07/20,900 BLOCK OF KENDALL RD NEWBERRY COUNTY,34.289619985171406,-81.63522997947187
sc-newberry+county,Other,06/07/20,SC 34/PLANTATION PT NEWBERRY COUNTY,34.08583059478842,-81.4970404613828
sc-newberry+county,Assault,06/07/20,3200 BLOCK OF NANCE ST NEWBERRY COUNTY,34.29573595161554,-81.63576988473423
sc-newberry+county,Other,06/07/20,6900 BLOCK OF WHEELAND ROAD NEWBERRY COUNTY,34.134096816417234,-81.4554555380933
sc-newberry+county,Other,06/07/20,1700 BLOCK OF PARR RD NEWBERRY COUNTY,34.22230439728368,-81.39276043516833
sc-newberry+county,Other,06/07/20,300 BLOCK OF WINDING JOLLY NEWBERRY COUNTY,34.26922487638307,-81.54276729731744
sc-newberry+county,Other,06/07/20,1900 BLOCK OF WILSON RD NEWBERRY COUNTY,34.29336766838269,-81.60537654319708
sc-newberry+county,Other,06/07/20,1000 BLOCK OF SC 219 NEWBERRY COUNTY,34.290785988102286,-81.46582255412861
sc-newberry+county,Other,06/07/20,00 BLOCK OF OXNER ROAD NEWBERRY COUNTY,34.29846222743495,-81.53772021104369
sc-newberry+county,Other,06/07/20,1900 BLOCK OF WILSON ROAD NEWBERRY COUNTY,34.29336766838269,-81.60537654319708
sc-newberry+county,Other,06/07/20,35700 BLOCK OF SC 34 NEWBERRY COUNTY,34.165116828302395,-81.90109801814253
sc-newberry+county,Other,06/07/20,35700 BLOCK OF SC 34 NEWBERRY COUNTY,34.165116828302395,-81.90109801814253
sc-newberry+county,Other,06/07/20,US76/ BOYDS CROSSING NEWBERRY COUNTY,34.24687866318342,-81.58321551653499
sc-newberry+county,Arrest,06/07/20,US76/ BOYDS CROSSING NEWBERRY COUNTY,34.24687866318342,-81.58321551653499
sc-newberry+county,Other,06/07/20,LANGFORD ST/LANG WISE NEWBERRY COUNTY,34.226484846523185,-81.52703780647894
sc-newberry+county,Other,06/07/20,1100 BLOCK OF POPE ST NEWBERRY COUNTY,34.28383668796093,-81.62779431798424
sc-newberry+county,Other,06/07/20,300 BLOCK OF GREEN ACRES RD NEWBERRY COUNTY,34.193251050329394,-81.79909490767203
sc-newberry+county,Other,06/07/20,11300 BLOCK OF C R KOON HWY NEWBERRY COUNTY,34.218876442995985,-81.54061130254367
sc-newberry+county,Arrest,06/07/20,11300 BLOCK OF C R KOON HWY NEWBERRY COUNTY,34.218876442995985,-81.54061130254367
sc-newberry+county,Other,06/07/20,COTTAGE AVE/ GIFF ST NEWBERRY COUNTY,34.2814973987086,-81.6392321769781
sc-newberry+county,Other,06/08/20,SC 121 / MAPLE LN NEWBERRY COUNTY,34.31147184585705,-81.61458026878263
sc-newberry+county,Arrest,06/08/20,SC 121 / MAPLE LN NEWBERRY COUNTY,34.31147184585705,-81.61458026878263
sc-newberry+county,Other,06/08/20,1900 BLOCK OF ST NEWBERRY COUNTY,34.293280094000075,-81.60206894599996
sc-newberry+county,Other,06/08/20,100 BLOCK OF NURSERY ROAD NEWBERRY COUNTY,34.17915536412362,-81.37821372475351
sc-newberry+county,Other,06/08/20,00 BLOCK OF OXNER RD NEWBERRY COUNTY,34.29846222743495,-81.53772021104369
sc-newberry+county,Other,06/08/20,2600 BLOCK OF KINARD ST NEWBERRY COUNTY,34.289349054476396,-81.60488494200406
sc-newberry+county,Other,06/08/20,SC 34- 121/ KENDALL RD NEWBERRY COUNTY,34.394509478135255,-81.40038605405533
sc-newberry+county,Arrest,06/08/20,SC 34- 121/ KENDALL RD NEWBERRY COUNTY,34.394509478135255,-81.40038605405533
sc-newberry+county,Other,06/08/20,SC 34 / SUTTON LN NEWBERRY COUNTY,34.3244009189092,-81.54671675318255
sc-newberry+county,Arrest,06/08/20,SC 34 / SUTTON LN NEWBERRY COUNTY,34.3244009189092,-81.54671675318255
sc-newberry+county,Other,06/08/20,BRANDON RD/LANCE RD NEWBERRY COUNTY,34.326522243604174,-81.54847736077646
sc-newberry+county,Other,06/08/20,1200 BLOCK OF SAM KOON RD NEWBERRY COUNTY,34.19388949825536,-81.37218836394047
sc-newberry+county,Other,06/08/20,8900 BLOCK OF SC 34 NEWBERRY COUNTY,34.33267151805229,-81.5296621598628
sc-newberry+county,Assault,06/08/20,00 BLOCK OF CANNON SPRING DRIVE NEWBERRY COUNTY,34.327937134637395,-81.52800457814881
sc-newberry+county,Other,06/08/20,3000 BLOCK OF BELFAST RD NEWBERRY COUNTY,34.27405836716815,-81.68806804757945
sc-newberry+county,Other,06/08/20,2800 BLOCK OF WERTS RD NEWBERRY COUNTY,34.20117553074271,-81.7463741197112
sc-newberry+county,Other,06/08/20,3700 BLOCK OF ROCKY CREEK ROAD NEWBERRY COUNTY,34.31595265440802,-81.7493109502331
sc-newberry+county,Other,06/08/20,DREHER ISLAND RD/ADAMS CAMP NEWBERRY COUNTY,34.12220273153953,-81.44319887107584
sc-newberry+county,Other,06/08/20,1700 BLOCK OF PARR RD NEWBERRY COUNTY,34.22230439728368,-81.39276043516833
sc-newberry+county,Other,06/08/20,100 BLOCK OF VAUGHNVILLE CHURCH RD NEWBERRY COUNTY,34.23911225223256,-81.90269896446776
sc-newberry+county,Other,06/08/20,GLENN ST EXT/ JAMES LONG LN NEWBERRY COUNTY,34.236729629082305,-81.6080274529742
sc-newberry+county,Other,06/08/20,NANCE ST/ WICKER ST NEWBERRY COUNTY,34.280030042896236,-81.62551903829868
sc-newberry+county,Other,06/08/20,00 BLOCK OF E I26 NEWBERRY COUNTY,34.26000228247892,-81.4990603654392
sc-newberry+county,Other,06/08/20,100 BLOCK OF CATFISH RD NEWBERRY COUNTY,34.263731219147445,-81.60001389496334
sc-newberry+county,Other,06/08/20,2600 BLOCK OF SC66 NEWBERRY COUNTY,34.47724216935069,-81.63358021227279
sc-newberry+county,Assault,06/09/20,00 BLOCK OF ELMER BOOZER RD NEWBERRY COUNTY,34.16351635701308,-81.53313841715622
sc-newberry+county,Vandalism,06/09/20,400 BLOCK OF A FOUR OAKS RD NEWBERRY COUNTY,34.220176295649416,-81.40545469244681
sc-newberry+county,Burglary,06/09/20,400 BLOCK OF A FOUR OAKS RD NEWBERRY COUNTY,34.220176295649416,-81.40545469244681
sc-newberry+county,Other,06/09/20,NEWBERRY COUNTY MEMORIAL HOSPITAL NEWBERRY COUNTY,34.29033000000004,-81.60610999999993
sc-newberry+county,Other,06/09/20,00 BLOCK OF ELMER BOOZER RD NEWBERRY COUNTY,34.16351635701308,-81.53313841715622
sc-newberry+county,Other,06/09/20,100 BLOCK OF GAMECOCK TRL NEWBERRY COUNTY,34.19034875170226,-81.58624955962283
sc-newberry+county,Other,06/09/20,2400 BLOCK OF ADELAIDE ST NEWBERRY COUNTY,34.269513222099874,-81.59337949366676
sc-newberry+county,Other,06/09/20,200 BLOCK OF CIRCLE NEWBERRY COUNTY,34.32355938730412,-81.73128224153406
sc-newberry+county,Other,06/09/20,400 BLOCK OF BROWN CHAPEL CIR NEWBERRY COUNTY,34.2836660578652,-81.65153950802241
sc-newberry+county,Other,06/09/20,2100 BLOCK OF SC 773 NEWBERRY COUNTY,34.23811147892211,-81.46137074531134
sc-newberry+county,Other,06/09/20,300 BLOCK OF FULMER RD NEWBERRY COUNTY,34.3284299989829,-81.53329002742343
sc-newberry+county,Other,06/09/20,DUCKETT AVE / VANLUE LN NEWBERRY COUNTY,34.50231302501696,-81.62966784265217
sc-newberry+county,Other,06/09/20,500 BLOCK OF LOMINACK RD NEWBERRY COUNTY,34.11394885479907,-81.43103389614001
sc-newberry+county,Other,06/09/20,GRAHAM ROAD / SUBER ROAD NEWBERRY COUNTY,34.241283188013185,-81.32360010887507
sc-newberry+county,Other,06/09/20,00 BLOCK OF CANNON SPRINGS DR NEWBERRY COUNTY,34.327937134637395,-81.52800457814881
sc-newberry+county,Other,06/09/20,3200 BLOCK OF KINARD STREET NEWBERRY COUNTY,34.29410744986806,-81.60082145291486
sc-newberry+county,Other,06/09/20,3200 BLOCK OF KINARD STREET NEWBERRY COUNTY,34.29410744986806,-81.60082145291486
sc-newberry+county,Other,06/09/20,2200 BLOCK OF SCURRY ISLAND ROAD NEWBERRY COUNTY,34.18543177184147,-81.91480753582641
sc-newberry+county,Other,06/09/20,2200 BLOCK OF SC773 NEWBERRY COUNTY,34.239981542239015,-81.45869094719589
sc-newberry+county,Other,06/09/20,400 BLOCK OF JALAPA ROAD NEWBERRY COUNTY,34.34959165510199,-81.68801375696603
sc-newberry+county,Other,06/09/20,00 BLOCK OF E I26 NEWBERRY COUNTY,34.26000228247892,-81.4990603654392
sc-newberry+county,Other,06/09/20,00 BLOCK OF OXNER RD NEWBERRY COUNTY,34.29846222743495,-81.53772021104369
sc-newberry+county,Other,06/09/20,SC121 / OLD NEWBERRY HWY NEWBERRY COUNTY,34.450456030507766,-81.60504459615284
sc-newberry+county,Arrest,06/09/20,SC121 / OLD NEWBERRY HWY NEWBERRY COUNTY,34.450456030507766,-81.60504459615284
sc-newberry+county,Other,06/09/20,00 BLOCK OF EDGAR WAITES RD NEWBERRY COUNTY,34.32776927684821,-81.48093685128339
sc-newberry+county,Other,06/10/20,1200 BLOCK OF LANGFORD ST NEWBERRY COUNTY,34.26986869894778,-81.62653159807039
sc-newberry+county,Other,06/10/20,800 BLOCK OF MAIN ST NEWBERRY COUNTY,34.271419981620944,-81.62324000225553
sc-newberry+county,Other,06/10/20,200 BLOCK OF BUSH RIVER RD NEWBERRY COUNTY,34.28282776901771,-81.64095165097372
sc-newberry+county,Other,06/10/20,600 BLOCK OF BUSH RIVER RD NEWBERRY COUNTY,34.286845532848524,-81.6451640100023
sc-newberry+county,Other,06/10/20,1300 BLOCK OF HUNT ST NEWBERRY COUNTY,34.28339000990772,-81.60653998218781
sc-newberry+county,Other,06/10/20,300 BLOCK OF LEAMAN AVE NEWBERRY COUNTY,34.503380015726854,-81.62165003904218
sc-newberry+county,Other,06/10/20,SC39/ FRANK SUMMER RD NEWBERRY COUNTY,34.18856451867298,-81.88086281574216
sc-newberry+county,Other,06/10/20,300 BLOCK OF LEVER CHAPEL RD NEWBERRY COUNTY,34.175784001248786,-81.56573190907818
sc-newberry+county,Other,06/10/20,3200 BLOCK OF MT PILGRIM CHURCH RD NEWBERRY COUNTY,34.18191868739983,-81.49766920512269
sc-newberry+county,Other,06/10/20,00 BLOCK OF POWELL CT NEWBERRY COUNTY,34.27428856685528,-81.63780266623347
sc-newberry+county,Assault,06/10/20,300 BLOCK OF LEAMAN AVE NEWBERRY COUNTY,34.503380015726854,-81.62165003904218
sc-newberry+county,Other,06/10/20,SC 391/ STONEY HILL NEWBERRY COUNTY,34.17992122326578,-81.53962296831341
sc-newberry+county,Other,06/10/20,OXNER RD/SC 219 NEWBERRY COUNTY,34.29846222743495,-81.53772021104369
sc-newberry+county,Other,06/10/20,00 BLOCK OF ELMER BOOZER DR NEWBERRY COUNTY,34.16351635701308,-81.53313841715622
sc-newberry+county,Other,06/10/20,6200 BLOCK OF SC 391 NEWBERRY COUNTY,34.176227074097426,-81.5341415183437
sc-newberry+county,Other,06/10/20,100 BLOCK OF GRANT ST NEWBERRY COUNTY,34.50127364392919,-81.61778979926648
sc-newberry+county,Other,06/10/20,800 BLOCK OF MAIN ST NEWBERRY COUNTY,34.271419981620944,-81.62324000225553
sc-newberry+county,Other,06/10/20,100 BLOCK OF BROOM ST NEWBERRY COUNTY,34.49846963891893,-81.61898902692401
sc-newberry+county,Other,06/10/20,00 BLOCK OF THOMAS GRIFFIN RD NEWBERRY COUNTY,34.3103967727712,-81.57676743703381
sc-newberry+county,Other,06/10/20,8300 BLOCK OF MACEDONIA CHURCH RD NEWBERRY COUNTY,34.18695276870789,-81.50869615850142
sc-newberry+county,Other,06/10/20,800 BLOCK OF BUZHARDT RD NEWBERRY COUNTY,34.375749991450355,-81.3980800385578
sc-newberry+county,Other,06/10/20,9000 BLOCK OF SC 34 NEWBERRY COUNTY,34.33196035582736,-81.53094379671195
sc-newberry+county,Other,06/10/20,700 BLOCK OF CIRCLE NEWBERRY COUNTY,34.33058601699471,-81.7325169488583
sc-newberry+county,Other,06/10/20,HELENA COMMMUNITY CENTER 902 GIFF ST NEWBERRY COUNTY,34.282140016687165,-81.642080006023
sc-newberry+county,Other,06/10/20,400 BLOCK OF CALDWELL ST NEWBERRY COUNTY,34.267969990273926,-81.61388998926333
sc-newberry+county,Other,06/10/20,9200 BLOCK OF US76 NEWBERRY COUNTY,34.215228741747715,-81.51189093197334
sc-newberry+county,Other,06/10/20,3200 BLOCK OF LOUIS RICH RD NEWBERRY COUNTY,34.29974820923116,-81.63080089789082
sc-newberry+county,Other,06/10/20,200 BLOCK OF PUBLIC WORKS RD NEWBERRY COUNTY,34.31577232608194,-81.56895118161123
sc-newberry+county,Other,06/10/20,1300 BLOCK OF KENDALL RD NEWBERRY COUNTY,34.29547146739862,-81.62951176533494
sc-newberry+county,Other,06/10/20,300 BLOCK OF OAK RIDGE DR NEWBERRY COUNTY,34.32584233254311,-81.53314206114669
sc-newberry+county,Other,06/10/20,SC 202/KOON TRESTLE NEWBERRY COUNTY,34.242184402059195,-81.41573482363546
sc-newberry+county,Other,06/10/20,600 BLOCK OF WILSON RD NEWBERRY COUNTY,34.27283034187913,-81.59052528763773
sc-newberry+county,Other,06/10/20,3800 BLOCK OF SC391 NEWBERRY COUNTY,34.14307970304164,-81.5340787699463
sc-newberry+county,Other,06/10/20,11700 BLOCK OF SC121 NEWBERRY COUNTY,34.313913218348624,-81.61481116962663
sc-newberry+county,Other,06/10/20,SC 34 / OAK RIDGE DR NEWBERRY COUNTY,34.32884029601687,-81.53570523214225
sc-newberry+county,Theft,06/11/20,2500 BLOCK OF SC 391 NEWBERRY COUNTY,34.12686949431042,-81.54361758805845
sc-newberry+county,Other,06/11/20,100 BLOCK OF CHURCH ST NEWBERRY COUNTY,34.50496000447542,-81.61480998695586
sc-newberry+county,Other,06/11/20,SC 121/SUBERTOWN NEWBERRY COUNTY,34.498265355244115,-81.60669336185126
sc-newberry+county,Other,06/11/20,00 BLOCK OF INDUSTRIAL PARK RD NEWBERRY COUNTY,34.24871723223261,-81.64675210977143
sc-newberry+county,Other,06/11/20,2400 BLOCK OF SYCAMORE DR NEWBERRY COUNTY,34.288203356911744,-81.64557560151925
sc-newberry+county,Other,06/11/20,300 BLOCK OF SC 39 NEWBERRY COUNTY,34.17765631191677,-81.86636190832479
sc-newberry+county,Other,06/11/20,GREENWOOD COUNTY NEWBERRY COUNTY,34.293280094000075,-81.60206894599996
sc-newberry+county,Other,06/11/20,600 BLOCK OF CHERRY LN NEWBERRY COUNTY,34.27259509077221,-81.64268023074565
sc-newberry+county,Other,06/11/20,2600 BLOCK OF KINARD STREET NEWBERRY COUNTY,34.289349054476396,-81.60488494200406
sc-newberry+county,Other,06/11/20,SC 34/OLD TOWN RD NEWBERRY COUNTY,34.19718120481235,-81.7886409772799
sc-newberry+county,Other,06/11/20,1500 BLOCK OF SCURRY CHURCH RD NEWBERRY COUNTY,34.179180299438315,-81.89245618069356
sc-newberry+county,Other,06/11/20,00 BLOCK OF LOWRY ST NEWBERRY COUNTY,34.50034505431556,-81.60842993371581
sc-newberry+county,Other,06/11/20,2300 BLOCK OF WILSON RD NEWBERRY COUNTY,34.30252827948163,-81.61434943852225
sc-newberry+county,Other,06/11/20,STONEY HILL/SC395 NEWBERRY COUNTY,34.16784000000007,-81.57302999999995
sc-newberry+county,Other,06/11/20,ROADWAY MAIN STREET NEWBERRY COUNTY,34.195756503668626,-81.41347405860408
sc-newberry+county,Other,06/11/20,100 BLOCK OF MILES ROAD NEWBERRY COUNTY,34.31106998785914,-81.59045997149798
sc-newberry+county,Arrest,06/11/20,100 BLOCK OF MILES ROAD NEWBERRY COUNTY,34.31106998785914,-81.59045997149798
sc-newberry+county,Other,06/11/20,300 BLOCK OF J B FULMER CT NEWBERRY COUNTY,34.31919284822268,-81.59439693103297
sc-newberry+county,Other,06/11/20,00 BLOCK OF CARAMEL COURT NEWBERRY COUNTY,34.222291419200204,-81.51115689589746
sc-newberry+county,Other,06/11/20,100 BLOCK OF VINGE RD NEWBERRY COUNTY,34.0800498212204,-81.49549821788695
sc-newberry+county,Other,06/11/20,11700 BLOCK OF SC 34 NEWBERRY COUNTY,34.313017380643124,-81.57223884195045
sc-newberry+county,Other,06/12/20,6100 BLOCK OF MACEDONIA CHURCH RD NEWBERRY COUNTY,34.16306661177258,-81.48129803319979
sc-newberry+county,Other,06/12/20,00 BLOCK OF PORTER RD NEWBERRY COUNTY,34.32779006887327,-81.54918980761963
sc-newberry+county,Other,06/12/20,ST PHILIPS CHURCH RD/HALFACRE RD NEWBERRY COUNTY,34.31694961486876,-81.50796040630921
sc-newberry+county,Other,06/12/20,JAMES WILLIAMS RD/ BRANDON RD NEWBERRY COUNTY,34.32636954277359,-81.55123549763096
sc-newberry+county,Other,06/12/20,7600 BLOCK OF SC391 NEWBERRY COUNTY,34.196069135580466,-81.5309771278297
sc-newberry+county,Other,06/12/20,PUGH RD/CAMPING CREEK BRIDGE` NEWBERRY COUNTY,34.07598000000007,-81.38898999999998
sc-newberry+county,Other,06/12/20,US76/ LANGFORD NEWBERRY COUNTY,34.226484846523185,-81.52703780647894
sc-newberry+county,Other,06/12/20,00 BLOCK OF AMICKS LANDING RD NEWBERRY COUNTY,34.104291413090486,-81.4249420947708
sc-newberry+county,Other,06/12/20,200 BLOCK OF CHARLIE FREE WAY NEWBERRY COUNTY,34.25932673414949,-81.39737207385609
sc-newberry+county,Other,06/12/20,400 BLOCK OF MORRIS ROAD NEWBERRY COUNTY,34.13928549237054,-81.55735822408808
sc-newberry+county,Other,06/12/20,7100 BLOCK OF SC 391 NEWBERRY COUNTY,34.18892064584886,-81.53069890791437
sc-newberry+county,Other,06/12/20,300 BLOCK OF FEDERAL LN NEWBERRY COUNTY,34.20253913929705,-81.55434065472808
sc-newberry+county,Other,06/12/20,KENDALL/ POPE NEWBERRY COUNTY,34.289802831178626,-81.63557284870956
sc-newberry+county,Arrest,06/12/20,KENDALL/ POPE NEWBERRY COUNTY,34.289802831178626,-81.63557284870956
sc-newberry+county,Other,06/12/20,3300 BLOCK OF MACEDONIA CHURCH RD NEWBERRY COUNTY,34.12953018881305,-81.46311504043881
sc-newberry+county,Other,06/12/20,5300 BLOCK OF OLD WHITMIRE HWY NEWBERRY COUNTY,34.378073208567606,-81.60803411491281
sc-newberry+county,Other,06/12/20,100 BLOCK OF ROCKY ROAD NEWBERRY COUNTY,34.214983763255894,-81.41411754485934
sc-newberry+county,Other,06/12/20,500 BLOCK OF WILSON ROAD NEWBERRY COUNTY,34.271190759979504,-81.58963611736088
sc-newberry+county,Other,06/12/20,2500 BLOCK OF SYCAMORE DR NEWBERRY COUNTY,34.288447028432174,-81.64475773743553
sc-newberry+county,Other,06/12/20,400 BLOCK OF BROWN CHAPEL CIR NEWBERRY COUNTY,34.2836660578652,-81.65153950802241
sc-newberry+county,Other,06/12/20,MAIN STREET/WHEELER AVENUE NEWBERRY COUNTY,34.21488733115252,-81.53729657900998
sc-newberry+county,Other,06/12/20,300 BLOCK OF SC 39 NEWBERRY COUNTY,34.17765631191677,-81.86636190832479
sc-newberry+county,Other,06/12/20,00 BLOCK OF W I26 NEWBERRY COUNTY,34.26014034080883,-81.49891494794792
sc-newberry+county,Other,06/12/20,WILSON/ KINARD NEWBERRY COUNTY,34.31066616161063,-81.42966035103909
sc-newberry+county,Other,06/13/20,100 BLOCK OF CHURCH STREET NEWBERRY COUNTY,34.50496000447542,-81.61480998695586
sc-newberry+county,Other,06/13/20,800 BLOCK OF BOYD RD NEWBERRY COUNTY,34.35632065796851,-81.67636437816584
sc-newberry+county,Other,06/13/20,HILLBROOK/ SC 219 NEWBERRY COUNTY,34.295836337041266,-81.57240205467177
sc-newberry+county,Other,06/13/20,00 BLOCK OF MAPLE LN NEWBERRY COUNTY,34.311376792014805,-81.61414314337925
sc-newberry+county,Other,06/13/20,100 BLOCK OF J/W RD NEWBERRY COUNTY,34.293280094000075,-81.60206894599996
sc-newberry+county,Other,06/13/20,SC121/I26 NEWBERRY COUNTY,34.293280094000075,-81.60206894599996
sc-newberry+county,Other,06/13/20,00 BLOCK OF FISH POND RD NEWBERRY COUNTY,34.32847422027721,-81.54116401431389
sc-newberry+county,Arrest,06/13/20,00 BLOCK OF FISH POND RD NEWBERRY COUNTY,34.32847422027721,-81.54116401431389
sc-newberry+county,Other,06/13/20,SC 34 / US176 NEWBERRY COUNTY,34.2102770629922,-81.34187688456466
sc-newberry+county,Assault,06/13/20,500 BLOCK OF BUSH RIVER RD NEWBERRY COUNTY,34.28590177842127,-81.64477661382763
sc-newberry+county,Other,06/13/20,4900 BLOCK OF US176 NEWBERRY COUNTY,34.257004071231464,-81.39891838592443
sc-newberry+county,Other,06/13/20,00 BLOCK OF MAPLE RIDGE LN NEWBERRY COUNTY,34.18591503481656,-81.36874991532822
sc-newberry+county,Other,06/13/20,US US76/BURLEY BOLAND ROAD NEWBERRY COUNTY,34.211324536680365,-81.45064743505458
sc-newberry+county,Other,06/13/20,400 BLOCK OF HOLLANDS LANDING RD NEWBERRY COUNTY,34.119710963836646,-81.46154170115682
sc-newberry+county,Arrest,06/13/20,400 BLOCK OF HOLLANDS LANDING RD NEWBERRY COUNTY,34.119710963836646,-81.46154170115682
sc-newberry+county,Other,06/13/20,3900 BLOCK OF OLD JOLLYSTREET RD NEWBERRY COUNTY,34.26684353793471,-81.47686138838775
sc-newberry+county,Other,06/13/20,SC 121 / SUBERTOWN NEWBERRY COUNTY,34.498265355244115,-81.60669336185126
sc-newberry+county,Arrest,06/13/20,SC 121 / SUBERTOWN NEWBERRY COUNTY,34.498265355244115,-81.60669336185126
sc-newberry+county,Other,06/13/20,1600 BLOCK OF OXNER ROAD NEWBERRY COUNTY,34.30277975572657,-81.54004204091878
sc-newberry+county,Other,06/13/20,1200 BLOCK OF SALUDA RIVER ROAD NEWBERRY COUNTY,34.179547328230285,-81.69887375453345
sc-newberry+county,Other,06/13/20,7000 BLOCK OF SC66 NEWBERRY COUNTY,34.45349242397395,-81.70110024421194
sc-newberry+county,Other,06/13/20,11700 BLOCK OF SC 34 NEWBERRY COUNTY,34.313017380643124,-81.57223884195045
sc-newberry+county,Other,06/13/20,1100 BLOCK OF SALUDA RIVER ROAD NEWBERRY COUNTY,34.18310371302107,-81.70103306540594
sc-newberry+county,Other,06/13/20,1000 BLOCK OF PEAK RD NEWBERRY COUNTY,34.275095078502495,-81.37658871706195
sc-newberry+county,Other,06/13/20,3300 BLOCK OF SC219 NEWBERRY COUNTY,34.29995049846792,-81.5030167552932
sc-newberry+county,Other,06/13/20,00 BLOCK OF MAPLE RIDGE LANE NEWBERRY COUNTY,34.18591503481656,-81.36874991532822
sc-newberry+county,Other,06/13/20,SC 213 / US176 NEWBERRY COUNTY,34.210842881324666,-81.34488897455203
sc-newberry+county,Other,06/13/20,2100 BLOCK OF HOLLANDS LANDING ROAD NEWBERRY COUNTY,34.09944236162012,-81.47471696556994
sc-newberry+county,Other,06/13/20,200 BLOCK OF KIMS COVE NEWBERRY COUNTY,34.08789512461247,-81.5269917078661
sc-newberry+county,Other,06/13/20,WHITE RD NEWBERRY COUNTY,34.32535306201711,-81.5475165109313
sc-newberry+county,Other,06/13/20,00 BLOCK OF MILE MARKER WEST BOUND I26 NEWBERRY COUNTY,34.293280094000075,-81.60206894599996
sc-newberry+county,Other,06/13/20,00 BLOCK OF WREN ROAD NEWBERRY COUNTY,34.29835298136681,-81.56154158844697
sc-newberry+county,Other,06/13/20,SALTER RD / GILLIAM RD NEWBERRY COUNTY,34.23646277005799,-81.89130263017265
sc-newberry+county,Other,06/13/20,00 BLOCK OF W I26 NEWBERRY COUNTY,34.26014034080883,-81.49891494794792
sc-newberry+county,Other,06/13/20,PARR RD/CHAPMAN RD NEWBERRY COUNTY,34.21668440701348,-81.37922346342854
sc-newberry+county,Other,06/13/20,700 BLOCK OF KENDALL RD NEWBERRY COUNTY,34.28245506086035,-81.63707113792539
sc-newberry+county,Other,06/13/20,SC 391/BETHEL CHURCH ROAD NEWBERRY COUNTY,34.098232132513445,-81.48541900577855
sc-newberry+county,Theft,06/13/20,SC 391/BETHEL CHURCH ROAD NEWBERRY COUNTY,34.098232132513445,-81.48541900577855
sc-newberry+county,Other,06/13/20,WINDING JOLLY RD/JOLLYSTREET RD NEWBERRY COUNTY,34.270349925227244,-81.54355593409015
sc-newberry+county,Other,06/13/20,SC391/ST LUKES CHURCH RD NEWBERRY COUNTY,34.16361716420933,-81.56860063726967
sc-newberry+county,Theft,06/14/20,100 BLOCK OF MALLARD COVE RD NEWBERRY COUNTY,34.122716039089305,-81.43907552573465
sc-newberry+county,Assault,06/14/20,2600 BLOCK OF KINARD ST NEWBERRY COUNTY,34.289349054476396,-81.60488494200406
sc-newberry+county,Other,06/14/20,US76/GABLE HILL NEWBERRY COUNTY,34.369219596631744,-81.76482503297932
sc-newberry+county,Other,06/14/20,2500 BLOCK OF SCYAMORE DR NEWBERRY COUNTY,34.288447028432174,-81.64475773743553
sc-newberry+county,Other,06/14/20,SC 34 / SC 39 NEWBERRY COUNTY,34.17621625701743,-81.8655211477841
sc-newberry+county,Arrest,06/14/20,US76/GABLE HILL NEWBERRY COUNTY,34.369219596631744,-81.76482503297932
sc-newberry+county,Vandalism,06/14/20,COLLEGE STREET/KENDALL ROAD NEWBERRY COUNTY,34.28959991397339,-81.62282085450022
sc-newberry+county,Other,06/14/20,100 BLOCK OF LOVERS LN NEWBERRY COUNTY,34.510322002668424,-81.63767232212949
sc-newberry+county,Other,06/14/20,1400 BLOCK OF CIVITAN RD NEWBERRY COUNTY,34.31271313661457,-81.62930910380884
sc-newberry+county,Other,06/14/20,HILL TRC / JOLLYSTREET ROAD NEWBERRY COUNTY,34.262122596628906,-81.48893260878407
sc-newberry+county,Other,06/14/20,200 BLOCK OF HANCE RD NEWBERRY COUNTY,34.10276851724113,-81.51548892735386
sc-newberry+county,Other,06/14/20,2100 BLOCK OF SC39 NEWBERRY COUNTY,34.1979627982363,-81.88427714982879
sc-newberry+county,Other,06/14/20,2200 BLOCK OF SC773 NEWBERRY COUNTY,34.239981542239015,-81.45869094719589
sc-newberry+county,Other,06/14/20,00 BLOCK OF COLDSPRINGS RD NEWBERRY COUNTY,34.35082372379942,-81.51677060096435
sc-newberry+county,Other,06/14/20,500 BLOCK OF BEISEL RD NEWBERRY COUNTY,34.3196885999113,-81.59122731314119
sc-newberry+county,Other,06/14/20,00 BLOCK OF E I26 NEWBERRY COUNTY,34.26000228247892,-81.4990603654392
sc-newberry+county,Other,06/14/20,5300 BLOCK OF SC 34-121 NEWBERRY COUNTY,34.23531506450872,-81.65471321186348
sc-newberry+county,Other,06/14/20,900 BLOCK OF MAIN STREET NEWBERRY COUNTY,34.273130015597275,-81.62224004120671
sc-newberry+county,Other,06/14/20,593-B LON STOUDEMIRE TR NEWBERRY COUNTY,34.22952999557812,-81.33766001152695
sc-newberry+county,Other,06/14/20,300 BLOCK OF NURSERY ROAD NEWBERRY COUNTY,34.17989714525689,-81.38152976804012
sc-newberry+county,Other,06/14/20,14400 BLOCK OF US176 NEWBERRY COUNTY,34.348929996764724,-81.51471003029248
sc-newberry+county,Other,06/14/20,200 BLOCK OF CHURCH ST NEWBERRY COUNTY,34.20498221133253,-81.5382055927073
sc-newberry+county,Other,06/14/20,200 BLOCK OF SC391 NEWBERRY COUNTY,34.10225982735834,-81.56823824981774
sc-newberry+county,Other,06/14/20,PORTER RD / KALI ST NEWBERRY COUNTY,34.32779006887327,-81.54918980761963
sc-newberry+county,Other,06/15/20,600 BLOCK OF TURNER RD NEWBERRY COUNTY,34.17166973323863,-81.58242392266483
sc-newberry+county,Other,06/15/20,900 BLOCK OF SUBER DRIVER NEWBERRY COUNTY,34.279000605480455,-81.63418400810134
sc-newberry+county,Other,06/15/20,00 BLOCK OF GREEN ACRES CT NEWBERRY COUNTY,34.18830502973325,-81.80252488786473
sc-newberry+county,Other,06/15/20,1200 BLOCK OF MT BETHEL GARMANY NEWBERRY COUNTY,34.305155129789185,-81.59570514952917
sc-newberry+county,Other,06/15/20,2500 BLOCK OF SYCAMORE DR NEWBERRY COUNTY,34.288447028432174,-81.64475773743553
sc-newberry+county,Other,06/15/20,2100 BLOCK OF SALTER RD NEWBERRY COUNTY,34.23898650476414,-81.90316681523085
sc-newberry+county,Arrest,06/15/20,SC 34 / GENERAL HENDERSON RD NEWBERRY COUNTY,34.31724303881752,-81.56783266504178
sc-newberry+county,Other,06/15/20,900 BLOCK OF SUBER DR NEWBERRY COUNTY,34.279000605480455,-81.63418400810134
sc-newberry+county,Other,06/15/20,CHURCH ST / POMARIA ST NEWBERRY COUNTY,34.23834614725255,-81.32604981070119
sc-newberry+county,Other,06/15/20,19300 BLOCK OF US176 NEWBERRY COUNTY,34.41205226855357,-81.57767543175402
sc-newberry+county,Other,06/15/20,100 BLOCK OF BRANDON RD NEWBERRY COUNTY,34.32647742202171,-81.54837057753248
sc-newberry+county,Other,06/15/20,500 BLOCK OF SC39 NEWBERRY COUNTY,34.18123028260332,-81.86761127579055
sc-newberry+county,Other,06/15/20,2900 BLOCK OF CY SCHUMPERT ROAD NEWBERRY COUNTY,34.199537688811624,-81.50609477677742
sc-newberry+county,Other,06/15/20,2200 BLOCK OF BACHMAN CHAPEL ROAD NEWBERRY COUNTY,34.246766716164075,-81.52079734048193
sc-newberry+county,Other,06/15/20,00 BLOCK OF E I26 NEWBERRY COUNTY,34.26000228247892,-81.4990603654392
sc-newberry+county,Other,06/15/20,US76/GABLE HILL ROAD NEWBERRY COUNTY,34.369219596631744,-81.76482503297932
sc-newberry+county,Other,06/15/20,7500 BLOCK OF MACEDONIA CHURCH RD NEWBERRY COUNTY,34.18031419003954,-81.49840494276977
sc-newberry+county,Other,06/15/20,2600 BLOCK OF KOON TRESTLE ROAD NEWBERRY COUNTY,34.23857000388138,-81.45606000975522
sc-newberry+county,Other,06/15/20,00 BLOCK OF OXNER RD NEWBERRY COUNTY,34.29846222743495,-81.53772021104369
sc-newberry+county,Other,06/15/20,00 BLOCK OF HIDDEN COVE LN NEWBERRY COUNTY,34.11921547438773,-81.44119941579682
sc-newberry+county,Other,06/15/20,KINARD/PENDER RIDGE NEWBERRY COUNTY,34.29596855543365,-81.60281424500364
